14-Homme,0
404-Homme,1
402-Homme,2
405-Homme,3
940-Homme,4
427-Homme,5
4-Homme,6
10-Homme,7
441-Homme,8
408-Homme,9
419-Homme,10
937-Homme,11
416-Homme,12
911-Homme,13
407-Homme,14
8-Homme,15
16-Homme,16
440-Homme,17
403-Homme,18
15-Homme,19
3-Homme,20
411-Mythe,0
431-Mythe,1
12-Mythe,2
416-Mythe,3
417-Mythe,4
10-Mythe,5
432-Mythe,6
410-Mythe,7
11-Mythe,8
22-Mythe,9
420-Mythe,10
8-Mythe,11
9-Mythe,12
415-Mythe,13
7-Mythe,14
414-Mythe,15
930-Mythe,16
433-Mythe,17
423-Mythe,18
21-Mythe,19
436-Mythe,20
411-Symbole,0
431-Symbole,1
11-Symbole,2
420-Symbole,3
406-Symbole,4
920-Symbole,5
12-Symbole,6
432-Symbole,7
405-Symbole,8
930-Symbole,9
400-Symbole,10
929-Symbole,11
408-Symbole,12
417-Symbole,13
9-Symbole,14
404-Symbole,15
8-Symbole,16
10-Symbole,17
414-Symbole,18
22-Symbole,19
410-Symbole,20