0,mythe,chute,homme,adamique,récit,histoire,adam,mal,événement,nature
1,souillure,conscience,craindre,impur,ordre,venir,relation,lieu,moment,faute
2,culpabilité,qu’,sou,punition,prendre,homme,comprendre,Jahvé,procéder,grand
3,corps,âme,symbolisme,temps,mythique,tragédie,compréhension,apparaître,fondamental,qu’
4,mal,existence,révéler,éthique,origine,totalité,intention,structure,homme,loin
5,péché,volonté,chose,historique,idée,Dieu,Yahvé,tirer,qu’,conduite
6,tragique,création,humain,divin,vision,drame,théologie,peut-être,monde,grec
7,Dieu,péché,souffrance,éthique,loi,devenir,signe,moral,hébreu,contrer
8,dieu,simple,aveu,divine,péché,Alliance,qu’,cosmique,reconnaître,homme
9,tou,situation,rester,qu’,symbole,point,exprimer,croyance,sang,propre
10,puissance,qu’,lien,comprendre,primordial,péché,spectacle,symbole,passer,chercher
11,mal,philosophie,ver,déjà,mauvais,question,serpent,origine,radical,tenter
12,homme,figure,saint,Paul,image,fils,type,signifier,celer,Roi
13,qu’,tragique,mal,liberté,côté,dieu,exigence,Mais,Zeus,face
14,symbole,péché,loi,symbolique,Tôrâ,pharisien,expression,reprise,appeler,Dieu
15,expérience,monde,signification,raison,fonction,limite,mal,problème,gnose,poser
16,vie,mort,falloir,péché,loi,donner,roi,coupable,grâce,terme
17,histoire,pardon,expiation,conscience,porter,rituel,orphique,Platon,regard,connaître
