0,mythe,Dionysos,titan,mal,orphique,figure,théogonique,nature,crime,douleur
1,Tôrâ,conscience,scrupuleux,Dieu,pharisien,scrupule,révélation,écrit,instruction,loi
2,serpent,exigence,prophète,radical,convoitise,tenter,tentation,prophétisme,code,exprimer
3,loi,Paul,péché,saint,justice,grâce,désir,présent,foi,mort
4,pardon,expiation,rite,rituel,regard,sacrifice,sang,peiner,symbolisme,action
5,peuple,Israël,loi,historique,Yahvé,jour,prophète,revenir,Loi,vie
6,qu’,homme,mal,péché,Dieu,Mais,expérience,devenir,humain,chose
7,innocence,créer,récit,chute,mythe,création,tou,bonté,paradis,instant
8,conscience,culpabilité,craindre,Job,souffrance,cité,pénal,souillure,explication,degré
9,âme,corps,vie,mort,Platon,désir,punition,orphique,falloir,mythe
10,homme,figure,fils,serviteur,adam,pardon,Roi,adamique,individu,eschatologique
11,dieu,drame,création,puissance,divin,eau,ordre,mort,babylonien,roi
12,souillure,sexualité,culture,grec,sexuel,Grecs,classique,époque,rite,cas
13,mythe,histoire,symbole,critique,mythique,herméneutique,chute,récit,sacrer,compréhension
14,tragique,liberté,tragédie,Zeus,héros,destin,colère,Prométhée,dieu,théologie
15,symbole,corps,symbolisme,souillure,symbolique,chose,langage,degré,cosmique,primaire
16,péché,dieu,souillure,impur,commettre,crime,involontaire,corps,faute,physique
17,symbole,dieu,image,néer,errance,Jahvé,vanité,Dieu,faux,néant
