0|C'est le tragique de l'action, à jamais illustré par VAnti gone de Sophocle, qui reconduit le formalisme moral au plus vif de l'éthique. Le conflit est chaque fois l'aiguillon de ce recours en appel, dans les trois régions déjà deux fois sillonnées : le soi universel, la pluralité des personnes et l'environnement institutionnel.
1|Plusieurs raisons m'ont persuadé de refaire ce parcours dans l'ordre inverse. Première raison : en portant le fer du conflit d'abord au plan de l'institution, nous sommes sans tarder confrontés au plaidoyer hégélien en faveur de la Sittlichkeit, cette morale effective et concrète qui est censée prendre la relève de la Moralitàt, de la morale abstraite, et qui trouve précisément son centre de gravité dans jaAsphère des institutions et dans celle, les couronnant toutes, de l'État. Si l'on réussissait à montrer que le tragique de l'action déploie précisément dans cette sphère quelques-unes de ses figures exemplaires, on lèverait par là même l'hypothèse hégélienne quant à la sagesse pratique instruite par le conflit. La Sittlichkeit ne désignerait plus alors une troisième instance supérieure à l'éthique et à la morale, mais désignerait un des lieux où s'exerce la sagesse pratique, à savoir la hiérarchie des médiations institutionnelles que cette sagesse pratique doit traverser pour que la justice mérite véritablement le titre d'équité. Une seconde raison a guidé le choix de l'ordre ici suivi. Notre problème n'étant pas d'ajouter une philosophie politique à la philosophie morale, mais de déterminer les traits nouveaux de ï'ip-séité correspondant à la pratique politique, les conflits relevant de cette pratique ont servi de toile de fond pour les conflits engendrés par le formalisme lui-même au plan interpersonnel entre lanorme et la sollicitude la plus singularisante. C'est seulement lorsque nous aurons traversé ces deux zones conflictuelles que nous pourrons nous confronter avec l'idée d'autonomie qui reste en dernière analyse la pièce maîtresse du dispositif de la morale kantienne : c'est là que les conflits les plus dissimulés désignent le point d'inflexion de la morale à une sagesse pratique qui n'aurait pas oublié son passage par le devoir.
2|Reprenons la règle de justice au point où nous l'avons quittée au terme de la précédente étude. La possibilité du conflit nous avait déjà paru inscrite dans la structure équivoque de l'idée de distribution juste. Vise-t-elle à délimiter des intérêts individuels mutuellement désintéressés ou à renforcer le lien de coopération ? Les expressions de part et de partage nous ont paru trahir cette équivoque au niveau même du langage. Loin de résoudre cette équivocité, la formalisation opérée par Rawls la confirme et risque même de la renforcer. La faille entre les deux versions de l'idée de distribution juste nous a paru seulement masquée par l'idée d'un équilibre réfléchi entre la théorie qui donne son titre au livre et nos convictions bien pesées '. Selon la théorie, en effet, les individus placés dans la situation originelle sont des individus rationnels indépendants les uns des autres et soucieux de promouvoir leurs intérêts respectifs sans tenir compte de ceux des autres. Aussi le principe de maximin, considéré seul, pourrait-il se réduire à une forme raffinée de calcul utilitaire. Ce serait le cas s'il n'était précisément équilibré par des convictions bien pesées où le point de vue du plus défavorisé est pris pour terme de référence. Or cette prise en considération repose en dernière analyse sur la règle de réciprocité, proche de la Règle d'Or, dont la finalité est de redresser la dissymétrie initiale liée au pouvoir qu'un agent exerce sur le patient de son action et que la violence transforme en exploitation.
3|Cette fine déchirure interne à la règle de justice n'indique encore que le lieu possible du conflit. Une situation réellement conflictuelle apparaît lorsque, creusant sous la pure règle de procédure, on met à nu la diversité entre les biens distribués que tend à oblitérer la formulation des deux principes de justice. On l'a dit, la diversité des choses à partager disparaît dans la procédure de distribution. On perd de vue la différence qualitative entre choses à distribuer, dans une énumération qui met bout à bout les revenus et les patrimoines, les avantages sociaux et les charges correspondantes, les positions de responsabilité et d'autorité, les hon-neurs et les blâmes, etc. Bref la diversité des contributions individuelles ou collectives qui donnent lieu à un problème de distribution. Aristote avait rencontré ce problème dans sa définition de la justice proportionnelle, où l'égalité ne se fait pas entre des parts mais entre le rapport de la part de l'un à sa contribution et le rapport de l'autre à sa contribution différente. Or, l'estimation de la valeur respective de ces contributions est tenue par Aristote pour variable selon les régimes politiques1. Si l'on déplace l'accent de la procédure de distribution sur la différence entre les choses à distribuer, deux sortes de problèmes sont soulevés, qui, dans la littérature postérieure au grand livre de Rawls, ont été le plus souvent traités en même temps, mais qu'il importe de bien distinguer. Le premier marque le retour en force de concepts téléologiques qui relient à nouveau le juste au bon, par l'idée de biens sociaux premiers. Rawls n'y voit pas malice et paraît à l'aise avec cette idée qu'il relie sans scrupules apparents aux attentes de personnes représentatives2. Mais, si l'on demande ce qui qualifie comme bons ces biens sociaux, on ouvre un espace conflictuel, dès lors que ces biens apparaissent relatifs à des significations, à des estimations hétérogènes. Un second problème est posé, non plus seulement par la diversité des biens à partager, mais par le caractère historiquement et culturellement déterminé de l'estimation de ces biens. Le conflit est ici entre la prétention universaliste (je prends « prétention » au sens positif de revendication, à la façon du daim de langue anglaise) et les limitations contextualistes de la règle de justice. Je renvoie ce second problème à la dernière partie de cette étude, dans la mesure où le conflit entre universalisme et contextualisme affecte au même degré toutes les sphères de la moralité. C'est donc à la seule question de la réelle diversité des biens à partager que nous nous attacherons dans la discussion qui suit.
4|Chez un auteur comme Michael Walzer3, la prise en compte de cette réelle diversité des biens, appuyée sur celle des estimations ou évaluations qui déterminent les choses à partager comme des biens, aboutit à un véritable démembrement de l'idée unitaire de justice au bénéfice de l'idée de « sphères de justice ». Constituent une sphère distincte les règles qui régissent la citoyenneté (mem-
5|, L Cf. la note de Tricot concernant la notion aristotélicienne d'axia (in Aristote, Ethique à Nicomaque, op. cit. 1131 a 24, trad. p. 228, η. 1).
6|bership) et traitent par exemple des conditions de son acquisition ou de sa perte, du droit des résidents étrangers, des émigrés, des exilés politiques, etc. Maints débats en cours, jusque dans les démocraties avancées, attestent que des problèmes ne cessent de surgir qui renvoient finalement à des prises de position de nature éthique sur la nature politique desquelles on reviendra plus loin. Autre est la sphère de la sécurité et de l'assistance publique (wel-fare), qui répond à des besoins (needs) estimés tels, dans nos sociétés, qu'ils appellent de droit la protection et le secours de la puissance publique. Autre est encore la sphère de l'argent et des marchandises, délimitée par la question de savoir ce qui, par sa nature de bien, peut être acheté ou vendu. Il ne suffit donc pas de distinguer massivement les personnes qui ont une valeur et les choses qui ont un prix ; la catégorie de marchandises a ses exigences propres et ses limites. Autre est encore la sphère des emplois (office) dont la distribution repose non sur l'hérédité ou la fortune mais sur des qualifications dûment évaluées par des procédures publiques (on retrouve ici la question de l'égalité des chances et de l'ouverture à tous des places ou positions, selon le second principe de justice de Rawls).
7|Notre problème n'est pas ici de proposer une énumération exhaustive de ces sphères de justice, ni même de préciser le destin de l'idée d'égalité dans chacune d'elles. Il est celui de l'arbitrage requis par la concurrence de ces sphères de justice et par la menace d'empiétement de l'une sur l'autre qui donne son véritable sens à la notion de conflit social '.
8|C'est ici que l'on peut être tenté par une issue hégélienne du conflit, dans la mesure même où les questions de délimitation et de priorité entre sphères de justice relèvent d'un arbitrage aléa-toire qui est l'équivalent au plan institutionnel de la sagesse pratique qu'Aristote appelait phronèsis. La solution n'est-elle pas de reporter dans la sphère politique, et singulièrement étatique, le traitement de conflits posés jusqu'ici en termes de justice ? On demandera alors de placer l'arbitrage du conflit entre sphères de justice sous la catégorie hégélienne de Sittlichkeit plutôt que sous la catégorie aristotélicienne de phronèsis.
9|Je l'ai dit, mon problème n'est pas de proposer ici une philosophie politique digne de celle d'Eric Weil, de Cornélius Castoria-dis ou de Claude Lefort. Il est seulement de savoir si la pratique politique fait appel aux ressources d'une moralité concrète qui ne trouvent leur exercice que dans le cadre d'un savoir de soi que l'État en tant que tel détiendrait. C'est là précisément ce qu'enseigne Hegel dans les Principes de la philosophie du droit1.
10|Rappelons auparavant que le concept hégélien de droit, qui enveloppe toute l'entreprise, déborde de toutes parts celui de justice : « Le système du droit, est-il dit dans l'introduction, est le royaume de la liberté effectivement réalisée, le monde de l'esprit, monde que l'esprit produit à partir de lui-même comme une seconde nature » ( § 4, p. 71), et encore : « Qu'une existence empirique en général soit existence empirique de la volonté, c'est cela qui est le droit. Le droit est donc la liberté en général, en tant qu'Idée » (§ 2, p. 88). Cette problématique de la réalisation, de l'effectuation de la liberté, est aussi la nôtre dans cette étude. Mais, exige-t-elle la restriction drastique du domaine de la justice qu'on va dire, et surtout l'élévation du domaine politique bien au-dessus de la sphère où l'idée de justice est valide ? Én ce qui concerne la limitation du champ d'exercice de la justice, elle coïncide avec celle du droit abstrait, lequel a pour fonction majeure d'élever la prise de possession au rang de propriété légale dans un rapport triangulaire entre une volonté, une chose et une autre volonté : rapport constitutif du contrat légal. Le champ de ce dernier s'en trouve d'autant réduit, à rencontre de la tradition contractualiste à laquelle se rattache Rawls, qui fait sortir l'ensemble des institutions d'un contrat fictif. Il en résulte que le concept de justice subit une contraction identique. Il est remarquable, en effet, qu'il soit introduit sous le titre négatif de l'injustice, sous les aspects de la fraude, du paqure, de la violence et du crime (§82-103); en retour, le droit abstrait se résout dans la contre-violence, qui réplique à la violence (Zwang) dans le
11|J. Hegel, Principes de la philosophie du droit ou Droit naturel et Science de l'Etat en abrégé, op. citdomaine où la liberté s'extériorise dans des choses possédées : « Le droit abstrait est un droit de contrainte [Zwangsrecht], parce que la négation du droit est une violence exercée contre l'exis-tance de ma liberté dans une chose extérieure » (§ 94, p. 139) Ce qui fait fondamentalement défaut au droit abstrait, au contrat et à l'idée de justice qui en est solidaire, c'est la capacité de lier organiquement les hommes entre eux ; le droit, comme l'avait admis Kant, se borne à séparer le mien du tien2. L'idée de justice souffre essentiellement de cet atomisme juridique. En ce sens la faille que nous venons de rappeler, et qui affecte la société entière en tant que système de distribution - faille que présuppose la situation originelle dans la fable de Rawls -, devient chez Hegel infirmité insurmontable. La personne juridique reste aussi abstraite que le droit qui la définit.
12|C'est précisément à l'opposé de ce lien contractuel externe entre individus rationnels indépendants, et au-delà de la moralité simplement subjective, que la Sittlichkeit se définit comme le lieu des figures de î'« esprit objectif» selon le vocabulaire de VEncy-clopédie... Et c'est parce que la société civile, lieu des intérêts en compétition, ne crée pas non plus de liens organiques entre les personnes concrètes que la société politique apparaît comme le seul recours contre la fragmentation en individus isolés.
13|Les raisons de « renoncer à Hegel » au plan de la philosophie politique ne sont pas comparables à celles qui se sont imposées à moi au plan de la philosophie de l'histoire3. Le projet philosophique de Hegel dans les Principes de la philosophie du droit me reste très proche, dans la mesure où il renforce les thèses dirigées dans la septième étude contre l'atomisme politique. Nous avons alors admis que c'était seulement dans un milieu institutionnel spécifique que les capacités et dispositions qui distinguent l'agir humain peuvent s'épanouir ; l'individu, disions-nous alors, ne devient humain que sous la condition de certaines institutions ; et
14|L II est vrai que la catégorie du tribunal réapparaît dans le cadre de la « vie éthique » (Sittlichkeit). mais dans les limites de la société civile ; la section « Administration de la justice » (ibitL, § 209-229) se trouve ainsi encadrée par la théorie de la société civile comme « système des besoins » et par celle de « la police et la corporation ».
15|nous ajoutions : s'il en est bien ainsi, l'obligation de servir ces institutions est elle-même une condition pour que l'agent humain continue de se développer. Ce sont là autant de raisons d'être redevable au travail de hiérarchisation des modalités d'effectua-tion de la liberté élaborées par Hegel dans les Principes de la philosophie du droit. Dans cette mesure, et dans cette mesure seulement, la notion de Sittlichkeit, entendue d'une part au sens de système des instances collectives de médiation intercalées entre l'idée abstraite de liberté et son effectuatioh «comme seconde nature », et d'autre part comme triomphe progressif du lien organique entre les hommes sur l'extériorité du rapport juridique -extériorité aggravée par celle du rapport économique -, cette notion de Sittlichkeit n'a pas fini de nous instruire. Ajouterais-je que j'interprète, à la suite d'Eric Weil, la théorie hégélienne de l'État comme une théorie de l'État libéral, dans la mesure où la pièce maîtresse en est l'idée de constitution ? En ce sens, le projet politique de Hegel n'a pas été dépassé par l'histoire et pour l'essentiel n'a pas encore été réalisé. La question, pour nous, est plutôt celle-ci : l'obligation de servir les institutions d'un État constitutionnel est-elle d'une autre nature que l'obligation morale, voire d'une nature supérieure ? Plus précisément, a-t-elle un autre fondement que l'idée de justice, dernier segment de la trajectoire de la « vie bonne »	? Et a-t-elle une autre structure
16|normative-déontologique que la règle de justice ?
17|L'opposition entre Sittlichkeit et Moralitcit perd de sa force et devient inutile - sinon même nuisible, comme je le dirai plus loin -, si, d'une part, on donne à la règle de justice, par l'intermédiaire de celle de distribution, un champ d'application plus vaste que celui que lui assignaient la doctrine kantienne du droit privé et la doctrine hégélienne du droit abstrait, et si, d'autre part, on dissocie, autant qu'il est possible, les admirables analyses de la Sittlichkeit de l'ontologie du Geist - de l'esprit - qui transforme la médiation institutionnelle de l'État en instance capable de se penser elle-même '. Séparée de l'ontologie du Geist, la phénoménologie de la Sittlichkeit cesse de légitimer une instance de jugement supérieure à la conscience morale dans sa structure tria-dique : autonomie, respect des personnes, règle de justice1. Ce qui donne à la Sittlichkeit l'apparence d'une transcendance par rapport à la moralité formelle, c'est son lien avec des institutions dont on a admis plus haut le caractère irréductible par rapport aux individus. Seulement, une chose est d'admettre que les institutions ne dérivent pas des individus mais toujours d'autres institutions préalables, une autre est de leur conférer une spiritualité distincte de celle des individus. Ce qui finalement est inadmissible chez Hegel, c'est la thèse de l'esprit objectif et son corollaire, la thèse de l'État érigé en instance supérieure dotée du savoir de soi. Le réquisitoire est certes impressionnant, que Hegel a dressé contre la conscience morale lorsqu'elle s'érige en tribunal suprême dans l'ignorance superbe de la Sittlichkeit où s'incarne l'esprit d'un peuple. Pour nous, qui avons traversé les événements monstrueux du xxe siècle liés au phénomène totalitaire, nous avons des raisons d'écouter le verdict inverse, autrement accablant, prononcé par l'histoire elle-même à travers la bouche des victimes. Quand l'esprit d'un peuple est perverti au point de nourrir une Sittlichkeit meurtrière, c'est finalement dans la conscience morale d'un petit nombre d'individus, inaccessibles à la peur et à la corruption, que se réfugie l'esprit qui a déserté des institutions devenues criminelles2. Qui oserait railler encore la belle âme, quand elle seule reste à témoigner contre le héros de l'action ? Certes, le déchirement entre la conscience morale et l'esprit du peuple n'est pas toujours aussi désastreux ; mais il garde toujours une valeur de rappel et d'avertissement. D atteste de façon paroxystique l'indépassable tragique de l'action, auquel Hegel lui-même a rendu justice dans ses belles pages sw Antigone.
18|La meilleure manière de démystifier l'État hégélien et, par là même, de libérer ses ressources inépuisables au plan de la philosophie politique, c'est d'interroger la pratique politique elle-même et d'examiner les formes spécifiques qu'y revêt le tragique de l'action.
19|Or, pourquoi la pratique politique serait-elle le heu de conflits spécifiques ? Et de quelle façon ceux-ci renvoient-ils au sens éthique de la justice ?
20|D faut partir ici de la différence sur laquelle nous avons si forte-
21|L Ce que fait Hegel au § 258 des Principes de la philosophie du droit : « ce but final [Endzweciq possède le droit le plus élevé à l’égard des individus dont le devoir suprême est d’être membres de l’État » (ïbid, p. 258).
22|ment insisté dans la troisième section de la septième étude entre pouvoir et domination. Le pouvoir, avons-nous admis à la suite de Hannah Arendt, n'existe qu'autant et aussi longtemps que le vouloir vivre et agir en commun subsiste dans une communauté historique. Ce pouvoir est l'expression la plus haute de la praxis aristotélicienne qui ne fabrique rien hors d'elle-même, mais se donne pour fin son propre entretien, sa stabilité et sa durabilité. Mais, avons-nous aussi admis, ce pouvoir est oublié en tant qu'origine de l'instance politique, et recouvert par les structures hiérarchiques de la domination entre gouvernants et gouvernés. A cet égard, rien n'est plus grave que la confiision entre pouvoir et domination ou, pour évoquer le vocabulaire de Spinoza, dans le Traité politique, entre potentia et potestas1. La vertu de justice, au sens de Visotès de Périclès et d'Aristote, vise précisément à égaliser ce rapport, c'est-à-dire à remettre la domination sous le contrôle du pouvoir en commun. Or cette tâche, qui définit peut-être la démocratie, est une tâche sans fin, chaque nouvelle instance de domination procédant d'une instance antérieure de même nature, du moins dans nos sociétés occidentales2.
23|Cet écart entre domination et pouvoir se marque, au sein même de la structure étatique, par la dialectique que j'ai jadis résumée sous le vocable du paradoxe politique où ne cessent de s'affronter au sein de la même instance la forme et la force3. Tandis que la forme a son expression dans l'approximation par la constitution du rapport de reconnaissance mutuelle entre les individus et entre ceux-ci et l'instance supérieure, la force a sa marque dans toutes les cicatrices qu'a laissées la naissance dans la violence de tous les Etats devenus des Etats de droit ; force et forme se conjuguent dans l'usage légitime de la violence, dont Max Weber rappelle la valeur de critère dans la définition du politique4.
24|C'est à partir de cet écart entre domination et pouvoir, constitutif du politique, qu'il est possible de définir la politique comme l'ensemble des pratiques organisées relatives à la distribution du pouvoir politique, mieux appelé domination. Ces pratiquesconcernent aussi bien le rapport vertical entre gouvernants et gouvernés que le rapport horizontal entre groupes rivaux dans la distribution du pouvoir politique. Les conflits propres à ces sphères de la praxis peuvent être répartis entre trois niveaux de radicalité.
25|A un premier niveau, celui de la discussion quotidienne dans un Etat de droit dont les règles du jeu font l'objet d'un assentiment large, le conflit est de règle dans les activités de délibération mettant en jeu les priorités à établir entre ces biens premiers auxquels la théorie rawlsienne de la justice a fait une maigre part et que ses adversaires libertariens ou communautariens ont portés au centre de leur réflexion ; la menace d'usurpation de monopole liée à la pluralité des sphères de justice détermine le premier niveau où la délibération politique a pour objet l'établissement provisoire et toujours révisable d'un ordre de priorité entre les requêtes concurrentes de ces sphères de justice. La délibération et la prise de position relatives à ces conflits ordinaires constituent la première occasion qui nous est offerte d'infléchir la Sittlichkeit hégélienne en direction de la phronèsis aristotélicienne. Dans l'Etat de droit, la notion aristotélicienne de délibération coïncide avec la discussion publique, avec ce « statut public » (Ôffentlich-keit) réclamé avec tant d'insistance par les penseurs des Lumières ; à son tour, la phronèsis aristotélicienne a pour équivalent le jugement en situation qui, dans les démocraties occidentales, procède de l'élection libre. A cet égard il est vain - quand il n'est pas dangereux - d'escompter un consensus qui mettrait fin aux conflits. La démocratie n'est pas un régime politique sans conflits, mais un régime dans lequel les conflits sont ouverts et négociables selon des règles d'arbitrage connues. Dans une société de plus en plus complexe, les conflits ne diminueront pas en nombre et en gravité, mais se multiplieront et s'approfondiront. Pour la même raison, le pluralisme des opinions ayant libre accès à l'expression publique n'est ni un accident, ni une maladie, ni un malheur ; il est l'expression du caractère non décidable de façon scientifique ou dogmatique du bien public. Il n'existe pas de lieu d'où ce bien puisse être aperçu et déterminé de façon si absolue que la discussion puisse être tenue pour close. La discussion politique est sans conclusion, bien qu'elle ne soit pas sans décision. Mais toute décision peut être révoquée selon les procédures acceptées et elles-mêmes tenues pour indiscutables, du moins au niveau délibératif où nous nous tenons encore ici. De nombreuses prétentions s'affrontent alors qui manifestent un premier degréd'indétermination dans l'espace public de la discussion. Ces prétentions sont en dernier ressort relatives à la priorité à accorder, dans une culture et une conjoncture historique déterminées, à tel ou tel des biens premiers qui définissent les sphères de justice, et finalement aux préférences présidant à la mise en relation de ces sphères de justice en l'absence d'un ordre lexical aussi impératif que celui des principes formels de justice. Dans ce jugement en situation, que les démocraties avancées identifient pour l'essentiel au vote majoritaire, le seul équivalent de Veuboulia - la bonne délibération - recommandée par le chœur dans les Odes lyriques (IAntigone. c'est le jugement éclairé qu'on peut attendre du débat public.
26|A un second niveau de discussion, le débat porte sur ce qu'on peut appeler les fins du « bon » gouvernement ; c'est une discussion à plus long terme, susceptible d'affecter la structure même de l'espace de discussion ; les politologues empiriques ou positivistes ont tendance à tenir ce débat pour le terrain privilégié de l'idéologie, au sens péjoratif du terme1. Bien au contraire, le débat sur le « bon » gouvernement fait partie intégrante de la médiation politique à travers laquelle nous aspirons à une vie accomplie, à la « vie bonne ». C'est pourquoi nous rencontrons ce débat sur le trajet de retour de la morale à l'éthique dans le cadre du jugement politique en situation.
27|La controverse se joue autour de mots clés tels que sécurité, prospérité, liberté, égalité, solidarité, etc. Ce sont là les termes emblématiques qui dominent de haut la discussion politique. Leur fonction est de justifier, non pas l'obligation de vivre dans un Etat en général, mais la préférence pour une forme d'Etat. Le débat se joue ainsi à mi-chemin entre les règles de délibération à l'intérieur d'une forme déjà consentie de constitution et les principes de légitimation dont on parlera plus loin. Que ces grands mots aient une charge émotionnelle supérieure à leur teneur de sens, et soient ainsi à la merci de la manipulation et de la propagande, cette situation rend d'autant plus nécessaire la clarification qui est une des tâches de la philosophie politique. Aussi bien ont-ils une histoire respectable chez les plus grands penseurs politiques: Platon, Aristote, Machiavel, Hobbes, Locke, Rousseau, Kant, Hegel, Marx, Tocqueville, Mill. Replacées dans leur his-toire conceptuelle, ces expressions résistent à l'arbitraire des propagandistes qui voudraient leur faire dire n'importe quoi. Les rejeter purement et simplement du côté des évaluations émotionnelles irrécupérables pour l'analyse, c'est consentir précisément au mésusage idéologique au pire sens du mot. La tâche est au contraire de dégager leur noyau de sens, en tant précisément que termes appréciatifs relatifs aux fins du bon gouvernement. Ce qui a pu faire croire que ces concepts ne sauraient être sauvés, c'est que l'on n'a pas pris en compte deux phénomènes majeurs qu'une philosophie de l'action de type herméneutique est préparée à reconnaître : à savoir, premièrement, que chacun de ces termes a une pluralité de sens insurmontable ; deuxièmement, que la pluralité des fins du « bon » gouvernement est peut-être irréductible, autrement dit que la question de la fin du « bon » gouvernement est peut-être indécidable1.
28|L'irréductible pluralité des fins du « bon » gouvernement implique que la réalisation historique de telles valeurs ne peut être obtenue sans faire tort à telle autre, bref que l'on ne peut servir toutes les valeurs à la fois. Il en résulte, une nouvelle fois, la nécessité d'infléchir la Sittlichkeit hégélienne du côté de la phro-nèsis d'Aristote, élevée cette fois au niveau de la recherche de la «bonne» constitution, quand les accidents de l'histoire créent précisément un vide constitutionnel. C'est dans une conjoncture (géographique, historique, sociale, culturelle) contingente, et pour des motifs non transparents aux acteurs politiques du moment, que ceux-ci peuvent prétendre offrir à leur peuple une « bonne » constitution. Ce choix est un nouvel exemple du jugement politique en situation, où Yeuboulia n'a d'autre appui que la conviction des constituants, finalement leur sens de la justice - vertu des institutions -dans le moment d'un choix « historique ».
29|Une indécision plus redoutable que celle qui résulte de l'ambiguïté des grands mots de la pratique politique atteint à un troisième niveau les choix plus fondamentaux que ceux de telleconstitution démocratique. Elle concerne le procès de légitimation même de la démocratie sous la variété de ses guises. On parle à juste titre de crise de légitimation pour désigner le manque de fondement qui paraît affecter le choix même d'un gouvernement du peuple, pour le peuple et par le peuple. Nos réflexions sur la distinction entre domination et pouvoir prennent ici leur pleine signification. Si le pouvoir est la source oubliée de la domination, comment faire dériver visiblement la domination du vouloir vivre ensemble ? C'est ici que la fiction du contrat social, portée à un degré supérieur de raffinement par la fable rawlsienne d'une situation originelle caractérisée par la jaimess, se révèle combler un vide, à savoir, comme il a été suggéré plus haut, l'absence pour le contrat social de la sorte d'attestation en vertu de laquelle l'autonomie est pour l'individu un « fait de raison » et le respect des personnes une implication de leur «nature rationnelle». L'absence de parallélisme est flagrant entre l'autonomie morale et ce que serait pour un peuple l'autolégislation par laquelle la domination ne ferait qu'arracher à l'oubli le vouloir vivre et l'agir ensemble d'un peuple. Je rejoins ici, par une autre voie, une analyse que Claude Lefort fait de la démocratie par contraste avec le totalitarisme. Ce fût précisément l'erreur - plutôt le crime - du totalitarisme de vouloir imposer une conception univoque de ce qu'il croyait être un homme nouveau et d'éluder par ce moyen les tâtonnements historiques de la compréhension de soi de l'homme moderne. Le penseur de la démocratie commence par.avouer une « indétermination dernière quant aux fondements du Pouvoir, de la Loi et du Savoir, et au fondement de la relation de Y un avec l'autre sur tous les registres de la vie sociale ' ». La démocratie, selon Claude Lefort, naît d'une révolution au sein du symbolisme le plus fondamental d'où procèdent les formes de société ; c'est le régime qui accepte ses contradictions au point d'institutionnaliser le conflit2. Cette «indétermination dernière» ne saurait constituer le dernier mot : car les hommes ont des raisons de préférer au totalitarisme un régime aussi incertain du fondement de sa légitimité. Ces raisons sont celles mêmes qui sont constitutives du vouloir vivre ensemble et dont une des manières de prendre
30|L Claude Lefort, Essais sur le politique, Paris, Éd. du Seuil, 1986, p. 29.
31|qui, dans sa forme, accueille et préserve l'indétermination en contraste remarquable avec le totalitarisme qui, s'édifiant sous le signe de la création de l'homme nouveau, s'agence en réalité contre cette indétermination, prétend détenir la loi de son organisation et de son développement et se dessine secrètement dans le monde moderne comme société sans histoire » (op. cit, p. 25).
32|conscience est la projection de la fiction d'un contrat social anhis-torique. Ces raisons mêlent des prétentions à Funiversalité et des contingences historiques dans ce que Rawls appelle, dans un essai postérieur de près de quinze années à Théorie de la justice, « over-lapping consensus ' ». Celui-ci entrecroise plusieurs héritages culturels : outre le projet de VAuflcIàrung, quHabermas estime à juste titre « inachevé1 2», les formes réinterprétées des traditions juives, grecques et chrétiennes qui ont subi avec succès l'épreuve critique de YAujklàrung. Il n'y a rien de mieux à offrir, pour répondre à la crise de légitimation (qui, à mon sens, frappe l'idée de domination plus que celle de pouvoir, en tant que vouloir vivre et agir d'un peuple), que la réminiscence et l'entrecroisement dans l'espace public d'apparition des traditions qui font une place à la tolérance et au pluralisme, non par concession à des pressions externes mais par conviction interne, celle-ci fut-elle tardive. C'est en faisant mémoire de tous les commencements et de tous les recommencements, et de toutes les traditions qui se sont sédimentées sur leur socle, que le « bon conseil » peut relever le défi de la crise de légitimation. Si, et dans la mesure où ce « bon conseil » prévaut, la Sittlichkeit hégélienne - qui elle aussi s'enracine dans les Sitten, dans les « mœurs » - s'avère être l'équivalent de la phronèsis d'Aristote : une phronèsis à plusieurs, ou plutôt publique, comme le débat lui-même.
33|Ne serait-ce pas le heu de rappeler la distinction qu'Aristote fait, au terme de son étude de la vertu de justice, entre justice et équité ?«Ay regarder avec attention, il apparaît que la justice et l'équité ne sont ni absolument identiques, ni génériquement différentes (...) En effet, l'équitable/ép/t'/fcs/, tout en étant supérieur à une certaine justice, est lui-même juste, et ce n'est pas comme appartenant à un genre différent qu'il est supérieur au juste. » Que la différence qui fait la supériorité de l'équité par rapport à la justice ait un rapport avec la fonction singularisante de la phronèsis. Aristote lui-même le suggère : « La raison en est que la loi est toujours quelque chose de général, et qu'il y a des cas d'espèce pour lesquels il n'est pas possible de poser un énoncé général qui s'y applique avec rectitude. » L'équité remédie à la justice « là où le législateur a omis de prévoir le cas et a péché par esprit de simplification ». En corrigeant l'omission, le décideur public se fait« l'interprète de ce qu'eût dit le législateur lui-même s'il avait été présent à ce moment, et de ce qu'il aurait porté dans sa loi s'il avait connu le cas en question. » Et Aristote de conclure : « Telle est la nature de l'équitable : c'est d'être un correctif de la loi, là où la loi a manqué de statuer à cause de sa généralité '. » Quand nous relisons aujourd'hui ces lignes d'Aristote, nous sommes enclins à penser que le débat public et la prise de décision qui en résulte constituent la seule instance habilitée à «corriger l'omission» que nous appelons aujourd'hui « crise de légitimation ». L'équité, conclurons-nous, c'est un autre nom du sens de la justice quand celui-ci a traversé les épreuves et conflits suscités par l'application de la règle de justice.
34|Une seconde région conflictuelle est découpée par les applications du second impératif kantien : traiter l'humanité dans sa propre personne et dans celle d'autrui comme une fin en soi et non pas seulement comme un moyen. L'idée qui va guider notre critique procède de la suggestion faite dans l'étude précédente selon laquelle une fine ligne de partage tendrait à séparer le versant universaliste de l'impératif, figuré par l'idée d'humanité, et le versant qu'on peut dire pluraliste, figuré par l'idée des personnes comme des fins en elles-mêmes. Selon Kant, il n'y a là nulle opposition, dans la mesure où lhumanité désigne la dignité en tant que quoi les personnes sont respectables, en dépit - si l'on ose dire -de leur pluralité. La possibilité d'un conflit surgit toutefois dès lors que l'altérité des personnes, inhérente à l'idée même de pluralité humaine, s'avère être, dans certaines circonstances remarquables, incoordonnable avec l'universalité des règles qui sous-tendent l'idée dhumanité ; le respect tend alors à se scinder en respect de la loi et respect des personnes. La sagesse pratique peut dans ces conditions consister à donner la priorité au respect des personnes, au nom même de la sollicitude qui s'adresse aux personnes dans leur singularité irremplaçable.
35|Avant d'entrer dans le vif de l'argument, il importe de le dis-tinguer de l'objection trop souvent faite au formalisme d'être vide, en quelque sorte par définition. C'est au contraire parce que l'impératif catégorique engendre une multiplicité de règles que l'universalisme présumé de ces règles peut entrer en collision avec les requêtes de l'altérité, inhérentes à la sollicitude.
36|La fausseté de l'équation entre formel et vide tient à la méconnaissance du rôle des maximes chez Kant1. Deux points sont ici à rappeler : d'abord la règle d'universalisation s'applique à des maximes multiples qui sont déjà des régularités de comportement ; sans elles, la règle d'universalisation n'aurait, si l'on peut dire, « rien à moudre », rien à mettre à l'épreuve. Ensuite, et la remarque est plus nouvelle, il existe des maximes qui passent avec succès l'épreuve de funiversalisation ; ce sont celles-là que Kant appelle précisément des devoirs (au pluriel)1 2. Ces devoirs ne sont pas déduits, au sens logique du terme, mais dérivés, dans la mesure où ce qu'on pourrait appeler les propositions de sens issues de la pratique quotidienne - supporter l'insulte sans en tirer vengeance, résister à la tentation de se suicider par dégoût de la vie, ne pas céder aux attraits d'une fausse promesse, développer ses talents plutôt que céder à la paresse, porter secours à autrui, etc. -satisfont à l'épreuve d'universalisation. La pluralité des devoirs résulte du fait que c'est à la pluralité des maximes, répondant elles-mêmes à une diversité de situations, que la règle formelle est appliquée. Une certaine productivité du jugement moral est ici portée au j our.
37|C'est précisément sur la voie de cette productivité que le conflit peut apparaître. Kant ne lui fait pas place, parce qu'il ne considère qu'un seul trajet possible dans la mise à l'épreuve de la maxime : le trajet ascendant de subsomption de la maxime sousla règle. Or c'est sur un second trajet, celui de l'application à la situation concrète, où l'altérité des personnes demande à être reconnue, que le conflit peut apparaître.
38|Sur le premier trajet, le caractère moral des maximes est vérifié dans une épreuve en deux temps : on élabore d'abord la maxime dans des termes tels qu'on puisse se demander par après si, ainsi formulée, elle subit avec succès l'épreuve d'universalisation. Quant au deuxième temps, celui de la mise à l'épreuve proprement dite, il est strictement limité à une épreuve de contradiction interne à la maxime elle-même. Nous reviendrons, dans la dernière section de cette étude, sur cet usage limité de la notion kantienne d'universalité.
39|Vérifions-le sur l'exemple de la fausse promesse qui, dans la classe des devoirs stricts, illustre la sous-classe des devoirs envers autrui et nous place ainsi au cœur de notre problème des rapports entre respect et sollicitude. Suivons de près l'argumentation de Kant ; elle consiste en une expérience de pensée dans laquelle nous imaginons l'agent raisonnant ainsi : « Je convertis (...) l'exigence de l'amour de soi en une loi universelle et j'institue la question suivante : qu'arriverait-il si ma maxime devenait une loi universelle?» (Fondements..., trad. Delbos [IV, 422], p. 288.) Tombe le couperet : une telle maxime ne pourrait « s'accorder avec elle-même », mais « devrait nécessairement se contredire » (ibid.)1. La contradiction, on le voit, n'apparaît que si l'agent a accepté l'expérience de pensée proposée. Une contradiction, qu'on peut peut-être classer parmi les contradictions performa-tives, précède cette dernière épreuve : elle consiste en la libertéque l'agent se donne de faire une exception en sa faveur, donc dans le refüs de vouloir réellement que sa maxime devienne une loi universelle (Fondements..., trad. Delbos [IV, 424], p. 288). En bref la contradiction est celle d'une volonté qui se soustrait à l'épreuve d'universalisation. Elle s'insère, si l'on peut dire, entre la règle et l'exception, et consiste en ceci qu'une règle qui admet des exceptions n'est plus une règle. Mais on aura remarqué que, dans tous les exemples traités par Kant dans les Fondements et dans X&Métaphysique des mœurs, la seule exception prise en considération est celle qui est revendiquée au bénéfice de l'agent, au titre de l'amour de soi. Qu'en est-il de l'exception faite au bénéfice d'autrui ?
40|Cette nouvelle question ne se pose que sur le second trajet, celui que Kant n'a pas considéré, le trajet de l'application à des situations singulières, où autrui se dresse dans sa singularité irremplaçable. C'est sur ce second trajet que peut prendre corps la suggestion, faite dans l'étude précédente, selon laquelle la considération des personnes comme des fins en elles-mêmes introduit un facteur nouveau, potentiellement discordant, par rapport à l'idée d'humanité, laquelle se borne à prolonger l'universalité dans la pluralité au détriment de l'altérité.
41|Reprenons l'argument qui condamne la fausse promesse : autrui y est-il véritablement pris en considération ? On peut en douter. D est frappant que la condamnation du suicide et celle de la fausse promesse, bien qu'appartenant aux deux classes différentes des devoirs envers soi-même et des devoirs envers autrui, tendent à se confondre dans la mesure où c'est l'humanité qui est traitée seulement comme moyen, la première fois dans la propre personne, la seconde fois dans la personne d'autrui'. Peut-être faut-il même aller plus loin : n'est-ce pas plutôt l'intégrité personnelle qui est en jeu dans les devoirs dits envers autrui ? N'est-ce pas soi-même qu'on méprise en prononçant un faux serment1 2 ? Le tort fait à autrui en tant qu'autre que moi ne pouvaitpeut-être pas figurer sur le premier trajet remontant de l'action à la maxime et de la maxime au critère qui en éprouve la teneur morale. Il ne le pourrait que sur le second trajet complémentaire du premier, le trajet descendant de la concrétisation, de l'application au sens fort du mot '.
42|Sur ce second trajet, la règle est soumise à une autre sorte de mise à l'épreuve, celle par les circonstances et les conséquences. Et une autre sorte d'exception que celle évoquée plus haut - l'exception à la règle en faveur de soi-même - se propose ; l'exception, ici, prend un autre visage, ou plutôt elle devient un visage, pour autant que l'altérité véritable des personnes fait de chacune de celles-ci une exception.
43|La promesse cesse alors de se rattacher à l'unique souci d'intégrité personnelle, pour entrer dans l'espace d'application de la règle de réciprocité, et plus précisément de la Règle d'Or, dans la mesure où celle-ci prend en compte la dissymétrie initiale de l'agent et du patient, avec tous les effets de violence ressortissant à cette dissymétrie. Traiter autrui seulement comme un moyen, c'est déjà commencer de lui faire violence. A cet égard, la fausse promesse est une figure du mal de violence dans l'usage du langage, au plan de l'interiocution (ou de la communication). Ce lien entre la promesse et la Règle d'Or, ou règle de réciprocité, reste méconnu, si l'on ne prend pas garde de distinguer la règle selon laquelle faut tenir ses promesses, de la règle constitutive qui distingue la promesse des autres actes de discours. La règle constitutive de la promesse dit seulement : « A se place sous l'obligation de faire X en faveur de B dans les circonstances Y. » En disant cela, A fait assurément quelque chose : il s'oblige lui-même ; mais la tenue de la promesse relève seulement des conditions de satisfaction de la promesse, non de la condition de succès sans quoi la promesse n'existerait pas comme acte de discours déterminé. Or, en caractérisant ainsi la promesse comme acte de discours, nous n'avons pas encore posé le problème moral, à savoir la raison pour laquelle il faut tenir ses promesses. Promettre est une chose. Etre obligé de tenir ses promesses en est une autre. Appelons prin-cipe de fidélité l'obligation de tenir ses promesses. C'est de lui qu'il importe de montrer la structure dialogique sur laquelle peuvent se greffer les conflits de devoirs que l'on va dire. Cette structure dialogique doit d'ailleurs s'analyser en structure dya-dique, ou duelle, mettant en jeu deux personnes - celle qui promet et l'obligataire envers qui la première s'engage -, et structure plurielle, mettant en jeu éventuellement un témoin devant qui un engagement est pris, puis, à l'arrière de ce témoin, l'institution du langage que l'on s'engage à sauvegarder, voire la référence à quelque pacte social au nom duquel peut régner entre les membres de la société considérée une confiance mutuelle préalable à toute promesse. Par cette structure plurielle, le principe de fidélité ne se distingue pas de la règle de justice discutée plus haut '. C'est pourquoi on se bornera ici à la structure dyadique où deux personnes sont engagées.
44|Il est facile de méconnaître cette structure dyadique de la promesse ; il n'est pas sûr que Kant n'y ait pas contribué par son traitement de la fausse promesse comme contradiction intime à une maxime où une personne n'engage qu'elle-même. Une phénoménologie tronquée de l'engagement incline dans le même sens2. Unengagement n'a-t-il pas tous les caractères d'une intention ferme ? N'avons-nous pas nous-même fait du maintien de soi à travers le temps l'expression la plus haute de l'identité de Yipse, opposée à celle de Vident, c'est-à-dire à la simple permanence ou persévérance d'une chose (permanence qui ne se retrouve au plan de Ï'ip-séité que dans celle du caractère) ? Rien n'est à renier de ces analyses. Ce qu'il faut plutôt montrer, c'est la structure dialogique-dyadique du maintien de soi, dès lors qu'il revêt une signification morale. L'obligation de se maintenir soi-même en tenant ses promesses est menacée de se figer dans la raideur stoïcienne de la simple constance, si elle n'est pas irriguée par le vœu de répondre à une attente, voire à une requête venue d'autrui. C'est, en vérité, dès le premier stade, celui de l'intention ferme, que l'autre est impliqué : un engagement qui ne serait pas de faire quelque chose que l'autre pourrait choisir ou préférer pourrait n'être qu'un pari stupide. Et, si je nourris le ferme propos de placer la constance à moi-même au-dessus des intermittences de mes désirs, dans le mépris des obstacles et des entraves extérieures, cette constance en quelque sorte monologique risque d'être prise dans l'alternative que Gabriel Marcel décrivait dans son admirable analyse de la disponibilité : « En un certain sens, disait-il dans Etre et Avoir1 (p. 56 sq.), je ne puis être fidèle qu'à mon propre engagement, c'est-à-dire, semble-t-il, à moi-même ». Mais en ce point naît l'alternative : « Au moment où je m'engage, ou bien je pose arbitrairement une invariabilité de mon sentir qu'il n'est pas réellement en mon pouvoir d'instituer ; ou bien j'accepte par avance d'avoir à accomplir à un moment donné un acte qui ne reflétera nullement mes dispositions intérieures lorsque je l'accomplirai. Dans le premier cas, je me mens à moi-même, dans le second, c'est à autrui que par avance je consens à mentir » (ibid., p. 70). Comment échapper à ce double nœud de la constance à soi ? On connaît la réponse de Gabriel Marcel : «Tout engagement est une réponse » (ibid, p. 63). C'est à l'autre que je veux être fidèle. A cette fidélité, Gabriel Marcel donne le beau nom de disponibilité2.
45|Le réseau notionnel dont la notion de disponibilité est un des nœuds est très ramifié. Par son contraire, l'indisponibilité, elle côtoie la dialectique de l'être et de l'avoir. La disponibilité est cet exode qui ouvre le maintien de soi sur la structure dialogique ins-
46|L Paris, Aubier, 1935.
47|tituée par la Règle d'Or. Celle-ci, en tant que règle de réciprocité posée dans une situation initiale dissymétrique, établit l'autre dans la position d'un obligataire qui compte sur moi et fait du maintien de soi une réponse à cette attente. C'est, dans une large mesure, pour ne pas décevoir cette attente, pour ne pas la trahir, que je fais du maintien de ma première intention le thème d'une intention redoublée : l'intention de ne pas changer d'intention. Dans les formes de promesses sanctionnées par le droit - jurement, contrat, etc. -, l'attente d'un autrui qui compte sur moi devient, de sa part, un droit d'exiger. Nous sommes alors entrés dans le champ des normes juridiques où la filiation de la norme à partir de la sollicitude est comme oblitérée, effacée. D faut remonter de ces formes de promesses sanctionnées par les tribunaux à celles où le lien du moment normatif à la visée éthique est encore perceptible : « de toi, me dit l'autre, j'attends que tu tiennes ta parole » ; à toi, je réponds : « tu peux compter sur moi ». Ce compter sur relie le maintien de soi, dans sa teneur morale, au principe de réciprocité fondé dans la sollicitude. Le principe de fidélité à la parole donnée ne fait ainsi qu'appliquer la règle de réciprocité à la classe des actions où le langage lui-même est en jeu en tant qu'institution régissant toutes les formes de la communauté. Ne pas tenir sa promesse, c'est à la fois trahir l'attente de l'autre et l'institution qui médiatise la confiance mutuelle des sujets parlants.
48|L'analyse sommaire de la promesse à laquelle on vient de procéder accentue la césure si soigneusement occultée par Kant entre le respect pour la règle et le respect pour les personnes. Cette césure, qui va devenir une déchirure dans les cas de conflits qu'on va évoquer, ne pouvait sans doute pas apparaître sur le trajet de la subsomption de l'action sous la maxime et de la maxime sous la règle. En revanche, la déchirure ne peut manquer d'attirer l'attention dès lors que l'on s'engage sur le trajet de retour de la maxime, sanctionnée par la règle, aux situations concrètes. La possibilité de ces conflits est en effet inscrite dans la structure de réciprocité de la promesse. Si la fidélité consiste à répondre à l'attente de l'autre qui compte sur moi, c'est cette attente que je dois prendre pour mesure de l'application de la règle. Une autre sorte d'exception se profile que l'exception en ma faveur, à savoir l'exception en faveur de l'autre. La sagesse pratique consiste à inventer les conduites qui satisferont le plus à l'exception que demande la sollicitude en trahissant le moins possible la règle. Nous prendrons deux exemples, dont l'un concerne la « vie finissante » etl'autre la « vie commençante ». Le premier exemple est bien connu sous le titre devenu banal de la vérité due aux mourants. Une brèche semble en effet s'ouvrir entre deux attitudes extrêmes. Ou bien dire la vérité sans tenir compte de la capacité du mourant à la recevoir, par pur respect de la loi supposée ne tolérer aucune exception ; ou bien mentir sciemment, de peur, estime-t-on, d'affaiblir chez le malade les forces qui luttent contre la mort et de transformer en torture l'agonie d'un être aimé. La sagesse pratique consiste ici à inventer les comportements justes appropriés à la singularité des cas. Mais elle n'est pas pour autant livrée à l'arbitraire. Ce dont la sagesse pratique a le plus besoin dans ces cas ambigus, c'est d'une méditation sur le rapport entre bonheur et souffrance. « Il n'y a pas d'éthique sans idée d'une vie heureuse, rappelle opportunément Peter Kemp dans Ethique et Médecine1. Encore faut-il situer le rôle du bonheur dans l'éthique » (p. 63). Or Kant, en enveloppant dans la Critique de la Raison pratique (Théorème III, corollaire, et scolie) sous une unique rubrique, celle de la faculté inférieure de désirer, toutes les formes d'affectivité, a fermé la voie à une investigation différenciée qui décomposerait le terme équivoque de bonheur entre la jouissance de biens matériels et ce que P. Kemp désigne comme « une pratique commune du donner et recevoir entre personnes libres» (p. 64). Ainsi considéré, le bonheur «n'entre plus en contradiction absolue avec la souffrance» (p. 67)2. C'est faute d'une telle méditation sur le rapport entre souffrance et bonheur que le souci de ne « faire souffrir » à aucun prix les malades au terme de leur vie aboutit à ériger en règle le devoir de mentir aux mourants. Jamais la sagesse pratique ne saurait consentir à transformer en règle l'exception à la règle. Encore moins devrait-on légiférer dans un domaine où la responsabilité de choix déchirants ne saurait être allégée par la loi. Dans tels cas, il faut peut-être avoir compassion pour des êtres trop faibles moralement et physiquement pour entendre la vérité. Dans tels autres cas, il faut savoir doser la communication de cette vérité : une chose est de nommer la maladie, une autre d'en révéler le degré de gravité et le peu de chances de survie, une autre d'assener la
49|L Op. cit.
50|vérité clinique comme une condamnation à mort. Mais il y a aussi des situations, plus nombreuses qu'on ne croit, où la communication de la vérité peut devenir la chance d'un partage où donner et recevoir s'échangent sous le signe de la mort acceptée1.
51|C'est dans un esprit semblable que l'on peut aborder le problème du respect de la personne dans la « vie commençante ». Le problème, il est vrai, présente un degré supplémentaire de complexité, en raison des considérations ontologiques que pose la vie commençante et que ne posait pas la vie finissante. S'agissant de l'embryon, puis du fœtus humain, il est difficile de ne pas se demander quelle sorte d'êtres ils sont, s'ils ne sont ni choses, ni personnes. En un sens, la position kantienne concernant la personne n'était pas dénuée de toute implication ontologique, comme l'a rappelé plus haut la formule célèbre : la nature raisonnable existe comme une fin en soi. Par contraste, la chose, en tant que manipulable, recevait un mode d'existence opposé, défini précisément par l'aptitude à être manipulée. En outre - et cette remarque prendra ultérieurement tout son poids -, dans cette opposition bipolaire entre la personne et la chose, la distinction entre modes d'êtres restait inséparable de la pratique, c'est-à-dire de la manière de traiter personnes et choses. La question nouvelle posée par la vie commençante est ailleurs : ce que l'embryon et le fœtus humain mettent en question, c'est le caractère dichotomique de ces considérations éthico-ontologiques : pour compliquer les choses, ce n'est pas seulement l'embryon humain dans l'utérus maternel, mais l'embryon séparé, conçu en éprouvette, mis au congélateur et disponible pour la recherche scientifique, qui pose les questions les plus embarrassantes. Comme l'écrit Anne Fagot2: « Il y a conflit entre le principe du respect dû à l'être humain et l'instrumentalisation de cet être aux stades embryonnaire ou fœtal -à moins qu'un embryon humain ne soit pas une personne humaine ? »
52|Il est nécessaire d'écouter les tenants des thèses opposées pour mieux déterminer le point d'insertion de la sagesse pratique. Selon les partisans d'un critère biologique de la présence ou de l'absence d'une personne humaine, personne et vie sont indissociables, dans la mesure où celle-ci étaye celle-là : or, dit l'argu-
53|L C’est dans le même esprit que devrait être traitées la question de l’acharnement thérapeutique et celle de l’euthanasie passive, voire active.
54|ment, le patrimoine génétique ou génome qui signe l'individualité biologique est constitué dès la conception . Sous la forme la plus modérée de la thèse dite biologique, la conséquence éthique est la suivante : le « droit à la vie » de l'embryon est un droit à une « chance de vie » : dans le doute, il ne faut pas prendre le risque d'un homicide. Cette notion de risque, accordons-le, fait entrer l'argument « biologique » dans la région de la sagesse pratique, comme il sera dit plus loin. C'est à ce titre qu'il mérite d'être entendu, lorsqu'il conclut à l'interdiction de toute pratique qui ne sert pas les fins présumées de l'embryon et du fœtus, qui sont de vivre et de se développer. On peut toutefois se demander si la sagesse pratique, sans perdre complètement de vue le critère biologique, ne doit pas prendre en compte les phénomènes de seuil et de stade qui mettent en question l'alternative simple de la personne et de la chose. Seule l'ontologie substantialiste qui double l'argument biologique empêche que se développe une ontologie du développement susceptible de situer le jugement prudentiel dans un domaine typiquement « intermédiaire ». La distinction que nous proposons tout au long de ces études entre l'identité-mêmeté et l'identité-ipséité devrait nous autoriser, sinon à ignorer l'argument biologique, du moins à le dissocier de l'ontologie substantialiste sous-jacente.
55|"La thèse opposée appelle des remarques comparables : si l'on attache l'idée de dignité aux seules capacités pleinement développées, telles que l'autonomie du vouloir, seuls les individus adultes, cultivés, «éclairés», sont des personnes. A parler en toute rigueur, « les êtres qui sont en deçà de la capacité d'autonomie "" minimale "", la communauté des personnes peut décider de les protéger (comme on protège la nature), non de les respecter (comme on respecte l'autonomie des personnes) » (A. Fagot, ibid., p. 372). On ne voit donc pas comment la thèse purement moraledu respect peut être entendue dans le présent débat, si elle ne s'accompagne pas, elle aussi, d'une ontologie minimum de développement, qui ajoute à l'idée de capacité, relevant d'une logique du tout ou rien, celle d'aptitude qui admet des degrés d'actualisation'."
56|Je me permettrai de suggérer que l'ontologie progressive souhaitée n'est peut-être pas plus autonome à l'égard de l'éthique que les critères de la personne et de la chose chez Kant. Certes, l'identification des seuils et des degrés qui jalonnent l'apparition des propriétés de l'être personnel relève de la seule science. Mais la teneur ontologique assignée au prédicat « potentiel », dans l'expression « personne humaine potentielle », n'est peut-être pas séparable de la manière de « traiter » les êtres correspondant à ces divers stades. Manière d'être et manière de traiter semblent devoir se déterminer conjointement dans la formation des jugements prudentiels suscités par chaque avancée du pouvoir que la technique confère aujourd'hui à l'homme sur la vie à ses débuts. Encore une fois, si la science est seule habilitée à décrire les seuils de développement, l'appréciation des droits et des devoirs relatifs à chacun d'eux relève d'une véritable invention morale qui éta-gera, selon une progression comparable à celle des seuils biologiques, des droits qualitativement différents : droit de ne pas souffrir, droit à la protection (cette notion présentant elle-même des degrés de « force » ou d'« insistance »), droit au respect, dès lors que quelque chose comme une relation même asymétrique d'échange de signes préverbaux s'esquisse entre le fœtus et sa mère. C'est ce va-et-vient entre description des seuils et appréciation des droits et devoirs, dans la zone intermédiaire entre chose et personne, qui justifie que Ton classe la bio-éthique dans la zone du jugement prudentiel. En effet, l'appréciation différenciée et progressive des droits de l'embryon, puis du fœtus, aussi informée soit-elle par la science du développement, éventuellement enracinée dans une ontologie du développement, ne peut manquer d'in-corporer des estimations marquées par le même style de traditio-nalité que les héritages culturels, arrachés à leur sommeil dogmatique et ouverts à l'innovation. Dans ce jeu complexe entre science et sagesse, la pesée des risques encourus à l'égard des générations fütures ne peut manquer de tempérer les audaces que les prouesses techniques encouragent. La crainte du pire, comme l'affirme avec force Hans Jonas dans son « principe responsabilité ' », est une composante nécessaire de toutes les formes de la responsabilité à très long terme que demande l'âge technique. En ce sens, la réticence, par exemple en matière de manipulation des embryons surnuméraires, n'est pas forcément l'apanage des inconditionnels du « droit à la vie » des embryons humains. Elle fait partie de cette sagesse pratique requise par les situations conflictuelles issues du respect lui-même dans un domaine où la dichotomie entre personne et chose est mise en déroute.
57|La parenté entre la part de sagesse pratique incorporée à la bioéthique et celle que nous avons plus facilement identifiée dans l'orbe de la promesse et dans les cas de conscience posés par la vie finissante se marque à la présence des trois mêmes traits dans les divers cas considérés. Premièrement, il est prudent de s'assurer que les positions adverses se réclament du même principe de respect et ne diffèrent que sur l'amplitude de son champ d'application, en particulier dans la zone intermédiaire entre la chose et la personne moralement développée. Deuxièmement, la recherche du «juste milieu » - de la mésotès aristotélicienne ! - paraît être de bon conseil, sans avoir valeur de principe universel ; ainsi la détermination de la période de gestation pendant laquelle l'avor-tement ne constitue pas un crime demande un tact moral très développé. A cette occasion, il est bon de rappeler que le «juste milieu » peut être autre chose qu'un lâche compromis, à savoir lui-même un «extrême»1 2. D'une façon générale, les décisions morales les plus graves consistent à tirer la ligne de partage entre le permis et le défendu dans les zones elles-mêmes « moyennes », résistant à des dichotomies trop familières. Troisième trait de la sagesse pratique commun à tous nos exemples : l'arbitraire dujugement moral en situation est d'autant moindre que le décideur -en position ou non de législateur - a pris conseil des hommes et des femmes réputés les plus compétents et les plus sages. La conviction qui scelle la décision bénéficie alors du caractère pluriel du débat. Le phronimos n'est pas forcément un homme seul '. On peut bien dire en conclusion que c'est à la sollicitude, soucieuse de l'altérité des personnes, y compris celle des « personnes potentielles », que le respect renvoie, dans les cas où il est lui-même source de conflits, en particulier dans les situations inédites engendrées par les pouvoirs que la technique donne à l'homme sur les phénomènes de la vie. Mais ce n'est pas la sollicitude en quelque sorte « naïve » de notre septième étude, mais une sollicitude «critique», qui a traversé la double épreuve des conditions morales du respect et des conflits suscités par ce dernier. Cette sollicitude critique est la forme que prend la sagesse pratique dans la région des relations interpersonnelles.
