0|Au terme de cette double approche — par la description abstraite de la faillibilité et par la « répétition » de la conscience religieuse de la faute — la question se pose : comment continuer ?
1|Le hiatus entre la réflexion pure sur la « faillibilité » et la con· fession des « péchés » est patent. La réflexion pure ne fait appel à aucun mythe, à aucun symbole; en ce sens elle est un exercice direct de la rationalité; mais pour elle la compréhension du mal est scellée; la réflexion est pure, mais elle laisse hors de soi la réalité quotidienne, pour autant que le quotidien de l’homme c’est « l’esclavage des passions ». Par contre cette énigme de la liberté serve, la conscience religieuse l’avoue; mais c’est au prix d’une rupture méthodologique dans la continuité de la réflexion; non seulement la confession des péchés fait appel a une autre qualité d’expérience, mais elle a recours à un autre langage dont nous avons montré qu’il était de part en part symbolique. Est-il possible, après cette rupture, de renouer avec la réflexion pure, de l’enrichir de tout l’acquis de la connaissance symbolique du mal ?
2|La question est difficile, car il s’agit de s’avancer entre deux écueils : il n’est pas possible, d’une part, de juxtaposer simplement la réflexion et la confession; il n’est plus possible en effet, d’interrompre le discours philosophique, à la façon de Platon, par des récits fantastiques et de dire : ici finit le discours, là commence le mythe; Lachelier a raison : la philosophie doit tout comprendre, même la religion; la philosophie, en effet, ne peut s’arrêter en route; elle a fait, en commençant, le serment de la cohérence; elle doit tenir jusqu’au bout sa promesse. Mais il n’est pas non plus possible d’obtenir une transcription philosophique directe du symbolisme religieux du mal, sous peine de revenir a une interpréta·tion allégorisante des symboles et des mythes; nous l’avons assez dit : le symbole ne recèle aucun enseignement dissimulé qu’il suffirait de démasquer et qui rendrait caduc le vêtement de l’image. Entre ces deux impasses nous allons explorer une troisième voie : celle d’une interprétation créatrice de sens, à la fois fidèle à l’impulsion, à la donation de sens du symbole, et fidèle au serment du philosophe qui est de comprendre. C’est cette voie que désigne à notre patience et à notre rigueur l’aphorisme proposé en exergue à cette conclusion : « Le symbole donne à penser. »
3|Cette sentence qui m’enchante dit deux choses ; le symbole donne; mais ce qu’il donne, c’est à penser, de quoi penser.
4|Le symbole donne : une philosophie instruite par les mythes survient à un certain moment de la réflexion, et, par-delà la réflexion philosophique, elle veut répondre à une certaine situation de la culture moderne.
5|Le recours à l’archaïque, au nocturne, à l’onirique, qui est aussi, comme le dit Bachelard dans la Poétique de ΓEspace, un accès au point de naissance du langage, représente une tentative pour échapper aux difficultés du commencement radical en philosophie. Le commencement n’est pas ce qu’on trouve d’abord; il faut accéder au point de départ : il faut le conquérir. La compréhension des symboles peut appartenir au mouvement en direction du point de départ; car pour accéder au commencement, il faut d’abord que la pensée habite dans le plein du langage. On sait l’harassante fuite en arrière de la pensée en quête de la première vérité, et plus radicalement encore à la recherche d’un point de départ qui pourrait bien ne pas être une première vérité; l’illusion n’est pas de chercher le point de départ, mais de le chercher sans présupposition; il n’y a pas de philosophie sans présupposition; une méditation sur les symboles part du langage qui a déjà eu lieu, et où tout a déjà été dit en quelque façon; elle veut être la pensée avec ses présuppositions. Pour elle, la première tâche n’est pas de commencer, mais, du milieu de la parole, de se ressouvenir; de se ressouvenir, en vue de commencer.
6|En outre cette tâche a une signification précise maintenant, à un certain stade de la discussion philosophique et, plus largement, en liaison avec certains traits de notre <( modernité ». Le moment historique de la philosophie du symbole, c’est celui de l’oubli et de la restauration. Oubli des hiérophantes, oubli des signes du sacré, perle de l’homme lui-même en tant qu’il appartient au sacré. Cet oubli, nous le savons, est la contrepartie de la tâche grandiose denourrir les hommes, de satisfaire les besoins en maîtrisant la nature par une technique planétaire. C’est à l’époque où notre langage se fait plus précis, plus univoque, plus technique en un mot, plus apte à ces formalisations intégrales qui s’appellent précisément logique symbolique, c’est à cette même époque du discours que nous voulons recharger notre langage, que nous voulons repartir du plein du langage.
7|Or cela aussi est un cadeau de notre « modernité »; car nous sommes, nous modernes, les héritiers de la philologie, de l’exégèse, de la phénoménologie de la religion, de la psychanalyse du langage; c’est la même époque qui tient en réserve la possibilité de vider le langage, en le formalisant radicalement, et celle de le remplir à nouveau, en se remémorant les significations les plus pleines, les plus lourdes, les plus liées par la présence du sacré à l’homme.
8|Ce n’est donc pas le regret des Atlantides effondrées qui nous anime, mais l’espoir d’une recréation du langage; par-delà le désert de la critique, nous voulons à nouveau être interpellés.
9|Mais ce que le symbole donne, c’est à penser. A partir de la donation, la position. L’aphorisme suggère à la fois que tout est déjà dit en énigme et pourtant qu’il faut toujours tout commencer et recommencer dans la dimension du penser. C’est cette articulation de la pensée donnée à elle-même au royaume des symboles et de la pensée posante et pensante qui constitue le point critique de toute notre entreprise.
10|Comment penser, à partir du symbole, s’il n’est pas une allégorie ? Comment dégager du symbole un « autre » s’il est, selon le mot de Schelling, tauté-gorique ? Ce qu'il nous faut c’est une interprétation qui respecte l’énigme originelle des symboles, qui se laisse enseigner par eux, mais qui, à partir de là, promeuve le sens, forme le sens dans la pleine responsabilité d’une pensée autonome.
11|Telle est l’aporie : comment la pensée peut-elle être à la fois liée et libre ? Comment tiennent ensemble l’immédiateté du symbole et la médiation de la pensée ?
12|L’entreprise serait sans espoir si le symbole était radicalement étranger au discours philosophique. Or le symbole est déjà dans l’élément de la parole; nous avons assez dit qu’il arrache le sentiment et la peur même au silence et à la confusion; il donne un langage à l’aveu, à la confession; par lui l’homme, de part en part, reste langage. Ce n’est pas le plus important : il n’existe nulle part de langage symbolique sans herméneutique; là où un homme rêve et délire, un autre homme se lève qui interprète; ce qui était déjàdiscours, meme incohérent, rentre dans le discours cohérent par l’herméneutique; à cet égard, l'herméneutique des modernes prolonge les interprétations spontanées qui n’ont jamais manqué aux symboles. Par contre, ce qui appartient en propre à cette herméneutique, c’est qu’elle demeure dans la ligne de la pensée critique. Mais sa fonction critique ne la détourne pas de sa fonction d’appropriation; je dirai plutôt qu’elle la rend plus authentique et plus parfaite. La dissolution du mythe-explication est le chemin nécessaire de la restauration du mythe-symbole. Ainsi le temps de la restauration n’est pas un autre temps que celui de la critique; nous qui sommes de toute manière les enfants de la critique, nous cherchons à dépasser la critique par la critique, par une critique non plus réductrice, mais restauratrice. C’est ce dessein qui animait Schelling, Schleiermacher, Dilthey et aujourd’hui, en des sens divers, Leenhardt, van der Lecuw, Éliade, Jung, Bultmann; aujourd’hui nous avons une conscience plus aiguë de la gageure immense de cette herméneutique; d’un côté elle représente la pointe avancée de la critique, comme prise de conscience du mythe en tant que mythe : par cette prise de conscience, elle accélère le mouvement de démythologisation qui n’est que la contrepartie d’un départage toujours plus rigoureux de ce qui est histoire selon la méthode historique; cette démythologisation est l’acquis irréversible de la véracité, de l’honnêteté intellectuelle, de l’objectivité. D’un autre côté l’herméneutique moderne poursuit le dessein d’une revivification de la philosophie au contact des symboles fondamentaux de la conscience.
13|Est-ce à dire que nous pourrions revenir à la première naïveté ? non point. De toute manière quelque chose est perdu, irrémédiablement perdu : l’immédiateté de la croyance. Mais si nous ne pouvons plus vivre, selon la croyance originaire, les grandes symboliques du sacré, nous pouvons, nous modernes, dans et par la critique, tendre vers une seconde naïveté. Bref, c’est en interprétant que nous pouvons à nouveau entendre; ainsi est-ce dans l’herméneutique que se noue la donation de sens par le symbole et l’initiative intelligible du déchiffrage.
14|Comment l’herméneutique rencontre-t-elle ce problème ?
15|Ce que nous venons d’appeler un nœud — le nœud où le symbole donne et où le critique interprète — l’herméneutique le fait apparaître comme un cercle. On peut énoncer brutalement ce cercle : « Il faut comprendre pour croire, mais il faut croire pour comprendre. » Ce cercle n’est pas un cercle vicieux, encore moins mortel;c’est un cercle bien vivant et stimulant. Π faut croire pour comprendre : jamais, en effet, l’interprète ne s’approchera de ce que dit son texte s’il ne vit dans Uaura du sens interrogé; comme dit très bien Bultmann dans son fameux article sur « le problème de l’herméneutique » dans Glauben und Verstehen : « Toute compréhension, comme toute interprétation, est... continuellement orientée par la manière de poser la question et par ce qu’elle vise (par son Woraufhin). Elle n’est donc jamais sans présupposé, c’est-à-dire qu’elle est toujours dirigée par une précompréhension de la chose au sujet de laquelle elle interroge le texte. Ce n’est qu’à partir de cette précompréhension qu’elle peut en général interroger et interpréter » (tr. fr., p. 47). Et encore : « Le présupposé de toute compréhension est le rapport vital de l’interprète à la chose dont parle directement ou indirectement ce texte «(49). En insistant sur cette coïncidence avec le Woraufhin, avec la chose dont parle le texte, Bultmann met en garde contre une confusion qui consisterait à identifier cette participation au sens avec quelque coïncidence psychologique entre l’interprète et les « expressions singulières de la vie », selon l’expression de Dilthey. Or, ce n’est pas une parenté de la vie à la vie que l’herméneutique requiert, mais de la pensée avec ce que vise la vie, bref de la pensée avec la chose même dont il est question. C’est en ce sens qu’il faut croire pour comprendre. Et pourtant ce n’est qu’en comprenant que nous pouvons croire.
16|Car le second immédiat que nous cherchons, la seconde naïveté que nous attendons, ne nous sont plus accessibles nulle part ailleurs que dans une herméneutique; nous ne pouvons croire qu’en interprétant. C’est la modalité « moderne » de la croyance dans les symboles; expression de la détresse de la modernité et remède à cette détresse.
17|Telle est le cercle : l’herméneutique procède de la précorapréhen-sion de cela même qu’en interprétant elle tâche à comprendre. Mais grâce à ce cercle de l’herméneutique, je puis encore aujourd’hui communiquer au sacré en explicitant la précompréhension qui anime l’interprétation. Ainsi l’herméneutique, acquisition de la « modernité », est un des modes par lesquels cette « modernité » se surmonte en tant qu’oubli du sacré. Je crois que l’être peut encore me parler, non plus sans doute sous la forme précritique de la croyance immédiate, mais comme le second immédiat visé par l’herméneutique. Cette seconde naïveté veut être l’équivalent post-critique de la hiérophante pré-critique.
18|Cette conjonction de la croyance et de la critique fournit parconséquent la seconde interprétation de la sentence sur laquelle nous méditons : « Le symbole donne à penser. » Et cette conjonction est un rapport circulaire entre un croire et un comprendre. On voit donc avec quelle prudence on peut parler de « démythologisa-tion »; il est légitime de parler de « démythologiser » si l’on distingue bien démythologiser de « démythiser ». Toute critique « démythologise » en tant que critique : c’est-à-dire pousse toujours plus loin le départage de l’historique (selon les règles de la méthode critique) et du pseudo-historique : c’est le logos du mythos que la critique ne cesse d’exorciser (ainsi la représentation de l’univers comme une série de lieux superposés, avec la terre au milieu, le ciel en haut, l’enfer en bas) ; comme pointe avancée de la « modernité », la critique ne peut pas ne pas être une « démytho-logisation »; c’est là un acquis irréversible de la véracité, de l'honnêteté intellectuelle et, à ce titre, de l’objectivité; mais c’cst précisément en accélérant le mouvement de « démythologisation », que rherméneulique moderne met au jour la dimension du symbole, en tant que signe originaire du sacré; c’est ainsi qu’elle participe à la revivification de la philosophie au contact des symboles; elle est une des voies de son rajeunissement. Ce paradoxe selon lequel la « démythologisation » est aussi recharge de la pensée dans les symboles n’est qu’un corollaire de ce que nous avons appelé le cercle du croire et du comprendre dans l’herméneutique.
19|Ces réflexions sur le « cercle » de l’herméneutique nous mettent sur la voie d’une herméneutique philosophique, mais n’en tiennent pas lieu. La prise de conscience de ce « cercle » est seulement l’étape nécessaire qui nous fait passer d’une simple « répétition » sans croyance à une « pensée » autonome.
20|Il y a en effet une compréhension des symboles qui reste prise en quelque sorte dans le mode symbolique; c’est le cas de toute phénoménologie purement comparatiste qui se borne à comprendre le symbole par le symbole; cette intelligence dans le symbole est nécessaire pour rompre avec la pensée explicative et réductrice; elle est même suffisante pour une phénoménologie descriptive, car elle est déjà une manière de comprendre, en tant qu’elle parcourt, retient et relie; pour elle il y a un « monde » des symboles. Comprendre, pour elle, c’est déployer les multiples et inépuisables intentions de chaque symbole, retrouver les analogies intentionnelles entre mythes et rites, parcourir les niveaux d’expérience et de représentation que le symbole unifie.
21|Ce mode de compréhension, très bien illustré par l’œuvre d’Éliade, tend a replacer les symboles dans une totalité homogène au symbole, mais plus vaste que lui, qui forme système au plan même du symbole. Notre analyse des symboles et des mythes du mal humain ressortit à cette intelligence, pour autant qu’elle est une vie de pensée adonnée à ses symboles.
22|Mais il n’a pas été possible de se borner à cette intelligence du symbole dans le symbole. En effet la question de la vérité y est sans cesse éludée; s’il arrive au phénoménologue d’appeler vérité la cohérence propre, la systématicité du monde des symboles, il s’agit d’une vérité sans croyance, d’une vérité à distance, réduite, d’où a été expulsée la question : est-ce que je crois cela, moi ? qu’est-ce que je fais moi, de ces significations symboliques, de ces hiérophantes ? or cette question ne peut être posée tant que l’on reste au niveau du comparatisme, que l’on court d’un symbole à l’autre, sans être soi-même nulle part. Ce niveau ne peut être qu’une étape, celle d’une intelligence en extension, d’une intelligence panoramique, curieuse, mais non concernée. 11 a bien fallu entrer dans un rapport passionné, en même temps que critique, avec la valeur de vérité de chaque symbole.
23|Le passage à l’herméneutique philosophique a été ainsi amorcé lorsque nous sommes passés d’une statique à une dynamique des symboles mythiques; le monde des symboles n’est pas en effet un monde tranquille et réconcilié; tout symbole est iconoclaste par rapport à un autre, de la même façon que tout symbole livré à lui-même tend a s’épaissir, à se solidifier dans une idolâtrie. Il faut donc participer à cette lutte, à cette dynamique, par laquelle le symbolisme est lui-même en proie à son propre dépassement par une herméneutique spontanée. C’est seulement en participant à cette dynamique que la compréhension peut accéder à la dimension proprement critique de l’exégèse et devenir une herméneutique; mais alors il faut quitter la position ou, pour mieux dire, l’cxiJ du spectateur lointain et désintéressé, afin de s’approprier chaque fois un symbolisme singulier.
24|C’est alors que nous avons quitté le plan de la vérité sans croyance pour accéder au cercle de I’herméneutÎque, au croire pour comprendre qui est aussi un comprendre pour croire. Ce cercle je l’ai assumé dès que j'ai professé que je lisais l’ensemble mythique de quelque part, que l’espace mythique était pour moi un espace orienté et que mon angle de perspective était la prééminence de la confcsion juive des péchés, de son symbolisme et de sa mythique.
25|A partir de cette adoption d’un mythe, l’appropriation de tous a été possible, du moins jusqu’à un certain point.
26|Mais cette appropriation, en révélant son caractère circulaire, demande à son tour à être dépassée. L’exégète, en tant qu’exégète, peut vivre indéfiniment dans ce cercle; de même que le comparatiste peut pratiquer sans fin l’époché de la vérité et vivre dans la croyance neutralisée. Mais le philosophe qui par ailleurs s’exerce à la rigueur de la réflexion et de la cohérence ne peut s’arrêter à cette étape; la prise de conscience du cercle herméneutique l’a arraché aux commodités de la croyance neutralisée; mais c’est pour le provoquer à penser à partir des symboles et non plus dans les sym-boles.
27|Comment dépasser ce « cercle de l’herméneutique » ? En le transformant en pari.
28|Je parie que je comprendrai mieux l’homme et le lien entre l’être de l’homme et l’être de tous les étants si je suis Vindication de la pensée symbolique. Ce pari devient alors la tâche de vérifier mon pari et de le saturer en quelque sorte d’intelligibilité; en retour cette tâche transforme mon pari : en pariant sur la signification du monde symbolique, je parie en même temps que mon pari me sera rendu en puissance de réflexion, dans l’élément du discours cohérent.
29|Alors s’ojvre devant moi le champ de l’herméneutique proprement philosophique : ce n’est plus une interprétation allégorisantc qui prétend retrouver une philosophie déguisée sous le vêtement imaginatif du mythe; c’est une philosophie à partir des symboles qui tâche de promouvoir, de former le sens, par une interprétation créatrice. J’oserai au moins provisoirement appeler cette tâche une u déduction transcendantale » du symbole. La déduction transcendantale, au sens kantien, consiste â justifier un concept en montrant qu’il rend possible la constitution d’un domaine d’objectivité. Or si je me sers des symboles de la déviation, de l’errance, de la captivité, comme d’un détecteur de réalité, si je déchiffre l’homme à partir des symboles mythiques du chaos, du mélange et de la chute, bref si j’élabore, sous la conduite d’une mythique de l’existence mauvaise, une empirique de la liberté serve, alors je puis dire qu’en retour j’aurai « déduit » — au sens transcendantal du mot — le symbolisme du mal humain. En efîct, le symbole, employé comme détecteur et déchifïrcur de la réalité humaine, aura été vérifié par son pouvoir de susciter, d’écluirer, d ordonner cette région de l’expérience humaine, cette région de l aveu, qu onaurait tôt fait de réduire à l’erreur, à l’habitude, à l'émotion, à la passivité, bref à l’une ou l’autre des dimensions de finitude qui n’ont pas besoin des symboles du mal pour être ouvertes et découvertes.
30|Mais l’expression de déduction transcendantale du symbole n’est pas absolument satisfaisante : elle oriente vers l’idée que la justification du symbole par son pouvoir révélateur constitue une simple augmentation de la conscience de soi, une simple extension de la circonscription réflexive, alors qu’une philosophie instruite par les symboles a pour tâche une transformation qualitative de la conscience réflexive. Tout symbole en effet est finalement une hiérophante, une manifestation du lien de l’homme au sacré. Or en traitant le symbole comme un simple révélateur de la conscience de soi, nous l’amputons de sa fonction ontologique; nous feignons de croire que le « connais-toi » est purement réflexif, alors qu’il est d’abord un appel par lequel chacun est invité à se mieux situer dans l’être, en termes grecs, à « être sage ». Comme dit le Charmide de Platon : « Le Dieu (à Delphes) en guise de salut leur dit en réalité : soyez sage', mais il le dit, en sa qualité de devin, sous une forme énigmatique : « Sois sage » ou « Connais-toi toi-même », c’est au fond la même chose, ainsi qu’il résulte du texte et que je le soutiens; mais on peut s’y tromper, et c’est ce qui est arrivé aux auteurs des inscriptions suivantes, « Rien de trop », et « Caution appelle malheur » : comme ils voyaient dans le « Connais-toi loi-même » un conseil et non un salut du dieu, ils ont voulu apporter a leur tour leur part de bons conseils et ils en ont fait des inscriptions dédicatoires » (165 a).
31|C’est donc finalement comme index de la situation de l’homme au cœur de l’être dans lequel il se meut, existe et veut, que le symbole nous parle. Dès lors la tâche du philosophe guidé par le symbole serait de rompre l’enceinte enchantée de la conscience de soi, de briser le privilège de la réflexion. Le eymbole donne â penser que le Cogito est à l’intérieur de l’être et non l’inverse; la seconde naïveté serait ainsi une seconde révolution copernicienne : l’être qui se pose lui-même dans le Cogito doit encore découvrir que l'acte même par lequel il s’arrache à la totalité ne cesse de particijicr à l’être qui l’interpelle en chaque symbole. Tous les symboles de la culpabilité — déviation, errance, captivité, — tous les mythes — chaos, aveuglement, mélange, chute. — disent la situation de l'être de l’homme duns l'être du monde; la tâche est alors, à partir des symboles, d’élaborer des concepts existentiaux,c’est-à-dire non seulement des structures de la réflexion, mais des structures de l’existence en tant que l’existence est l’être de l’homme. C’est alors que se posera le problème de savoir comment s’articule sur l’être de l’homme et sur le néant de sa finitudc, le quasi-être et le quasi-néant du mal humain.
32|Si donc nous appelons déduction transcendantale l’élaboration d’une empirique de la volonté serve, la déduction transcendantale doit elle-même s’inscrire à l’intérieur d’une ontologie de la fini-tude et du mal qui élève les symboles au rang de concepts exis-tentiaux.
33|Tel est le pari. Seul peut s’irriter contre ce mode de pensée celu; qui estime que la philosophie, pour commencer de soi, doit être une philosophie sans présuppositions. Une philosophie qui part du plein du langage est une philosophie avec présupposition. Son honnêteté est d’expliciter ses présuppositions, de les énoncer comme croyance, d’élaborer la croyance en pari et de tenter de récupérer son pari en compréhension.
34|Un tel pari est tout le contraire d’une apologétique qui prétendrait acheminer la réflexion, sans hiatus, du savoir vers la croyance; une philosophie amorcée par le symbole procède en sens inverse selon un schéma essentiellement anselmien : elle trouve l’homme déjà installé à titre préliminaire à l’intérieur de son fondement; cette insertion peut paraître contingente et étroite : pourquoi des symboles ? pourquoi tels symboles ? mais à partir de cette contingence et de cette étroitesse d’une culture qui a rencontré tels symboles et non tels autres, la philosophie tâche, par réflexion et spéculation, de découvrir la rationalité de son fondement
35|Seule une philosophie d’abord nourrie au plein du langage peut ensuite être indifférente aux accès de sa problématique et aux conditions de son exercice et demeurer constamment soucieuse de thématiser la structure universelle et rationnelle de son adhésion.
36|Au terme de ce parcours, il est possible de dire à la fois vers quel horizon s’oriente toute la chaîne des symboles parcourus et comment les plus archaïques sont retenus et réaffirmés par les plus avancés de ces symboles.
37|On pourrait appeler serf-arbitre le concept vers lequel tend toute la suite des symboles primaires du mal; mais ce concept n’est pas directement accessible; si on tente de lui faire correspondre un objet, cet objet se détruit lui-même, car il met en court-circuit l’idée d’arbitre, qui ne peut signifier que libre choix, donc libre arbitre, toujours intact et jeune, toujours disponible, — et l’idée de servitude, c’est-à-dire l’indisponibilité même de la liberté pour elle-même. Le concept de serf-arbitre ne peut donc être représenté comme celui de faillibilité que nous avons considéré au début de cet ouvrage; car il faudrait pouvoir penser la coïncidence du libre arbitre et de la servitude dans le même existant. C’est pourquoi le concept de serf-arbitre doit rester un concept indirect, qui tire toute sa signification de la symbolique que nous avons parcourue et qui tente d’élever cette symbolique au niveau de la spéculation. Ce concept, qui nous occupera dans le troisième tome de cet ouvrage, ne peut donc être visé que comme l’Idée, le télos intentionnel de toute la symbolique du mal. Encore ne pourra-t-il être approché de plus près que par la médiation des symboles de second rang institués par les mythes du mal.
38|Du moins pouvons-nous dire dès maintenant que le concept de serf-arbitre duquel s’approche l’expérience la plus différenciée, la plus fine, la plus intériorisée de la culpabilité, était déjà visé par la plus archaïque de toutes, celle de la souillure. Le dernier symbolene vise son concept-limite qu’en reprenant en lui toute la richesse des symboles antérieurs. Il y a ainsi une relation circulaire entre tous les symboles : les derniers dégagent le sens de ceux qui les précèdent, mais les premiers prêtent aux derniers toute leur puissance de symbolisation.
39|Il est possible de la montrer en parcourant en sens inverse toute la suite des symboles. Il est remarquable, en efïet, que la culpabilité reprend à son compte le langage symbolique dans lequel se sont constituées les expériences de souillure et de péché.
40|La culpabilité ne peut se dire en effet que dans le langage indirect de la « captivité » et de « l’infection », hérité des deux instances antérieures; l’un et l’autre symbole sont ainsi transposés « vers l'intérieur » pour dire une liberté qui s’asservit elle-même, s’affecte et s’infecte par son propre choix; en retour, le caractère symbolique et non littéral de la captivité du péché et de l’infection de la souillure est rendu entièrement manifeste en désignant désormais une dimension de la liberté elle-même; maintenant et seulement maintenant nous savons que ce sont des symboles lorsqu’ils découvrent une situation qui se concentre dans la relation de soi à soi-même. Pourquoi ce recours à la symbolique antérieure ? Parce que le paradoxe d’un libre arbitre captif — le paradoxe d’un serf-arbitre — est insupportable pour la pensée. Que la liberté soit à délivrer, que cette délivrance soit délivrance du propre esclavage, cela ne peut être dit en style direct : c’est pourtant la thématique centrale du « salut ».
41|Le chiffre de la captivité, emprunté on le sait à la théologie de l’histoire, a d’abord désigné une situation communautaire, celle d’un peuple prisonnier de ses péchés; cette situation communautaire adhère encore à l’événement historique que la liturgie répète, comme ce destin malheureux dont l’Exode a été la délivrance. En devenant chiffre de l’individu coupable, la captivité décolle de la réminiscence historique et accède a la qualité de symbole pur : elle désigne un événement de la liberté.
42|Ce symbolisme est central dans l’expérience juive; mais s’il peut être compris, c’est parce qu’il appartient au moins latéralement à toutes les cultures; l’expérience ou la croyance qui fournit le sens littéral peut être multiple et variée mais la visée du symbole rester la même. Ainsi la représentation des démons comme origine de l’état <rêtre-lié, chez les Babyloniens, fournit le schème initial de la possession; mais cette possession toute corporelle peut a son tour fournir l’image de base à travers laquelle est désignée la servitudedu libre arbitre; on peut suivre la meme image de la possession à des degrés divers de symbolisation; au plus bas degré la possession est représentée comme une emprise physique sur le corps et les membres : « Puisse le mal qui est dans mon corps, dans mes muscles et mes tendons s’en aller aujourd’hui », implore le suppliant de Babylone; « délie-moi de mon charme... parce qu’un mauvais charme et une impure maladie et la transgression et l’iniquité et le péché sont en mon corps et parce qu’un spectre méchant est attaché à moi ». On dira autant qu’on voudra que cette supplication porte encore la marque de la confusion de la maladie et du péché et de ce couple lui-même avec la possession physique par une puissance démoniaque réelle. Mais le processus de symbolisation est sans doute déjà commencé; le suppliant de Babylone se « confesse » et se « repent » : il sait obscurément que ce lien est en quelque façon son œuvre; sinon pourquoi s’écrierait-il : « Les péchés nombreux que depuis ma jeunesse j’ai commis, délic-lcs. Je veux craindre le dieu; l’offense je veux ne point commettre » ? Pourquoi le suppliant demanderait-il à être délié de ce qu’il a commis, s’il ne savait obscurément, s’il ne savait sans savoir, s’il ne savait en énigme et par symbole, qu’il a commis le lien même dont il demande à être délié ?
43|Ce qui nous confirme que le symbolisme du serf-arbitre, bien qu’enfoncé encore et comme noyé dans la lettre des représentations démoniaques, est déjà à l’œuvre dans l’aveu du suppliant de Babylone, c’est que le même symbolisme de l’homme aux membres liés se retrouve chez les écrivains qui ont usé de ce symbole avec une claire conscience que c’était un symbole : ainsi saint Paul sait-il que l’homme est « inexcusable » bien que le péché soit dit « régner » dans les membres, « dans le corps mortel » (Rom., 6, 12), et que le corps lui-même soit dit « corps de péché » (Rom., 6-6) et l’homme entier « asservi au péché ». Si saint Paul ne parlait pas symboliquement du corps de péché comme d’une figure du serf-arbitre, comment pourrait-il s’écrier : « Si vous avez jadis offert vos membres comme esclaves à l’impureté et au désordre de manière à vous désordonner, offrez-les de même aujourd’hui à la justice pour vous sanctifier » (Rom., 6, 19) ? Le symbole du corps asservi, c’est le symbole d’un être pécheur qui est à la fois acte et état, c’est-à-dire d’un être-pécheur dans lequel l’acte même de s’asservir s’abolit comme « acte » et retombe en « état »; le corps est le symbole de cette liberté oblitérée, d’un constitué dont le constituant s’est évacué. Dans le langage de saint Paul, Pacte c’est « l’of-{rende » du corps à la servitude (si jadis vous avez offert vos mem-bres comme esclaves), l’état c’est le règne (que le péché ne règne donc plus dans vos corps mortels) ; une « offrande » de moi-même qui est en même temps un « règne » sur moi-même, voilà l’énigme du serf-arbitre, de l’arbitre qui se rend serf.
44|Enfin, Platon lui-même, malgré le mythe orphique de l’âme exilée dans un corps qui l’ensevelit, malgré par conséquent la tentation de durcir le symbole de la captivité corporelle dans une gnose du corps méchant, malgré même les gages qu’il donne pour l’avenir à cette gnose, sait parfaitement que la captivité corporelle ne doit pas être prise à la lettre, mais comme signe du serf-arbitre; la « clôture » du corps n’est finalement que « l’œuvre du désir » et « celui qui concourt le plus à charger l’enchaîné de scs chaînes, c’est peut-être lui-même » (Phédon, 82 de). Ainsi la captivité du corps et même la captivité de l’âme dans le corps sont le symbole du mal que l’gme s’inflige à elle-même, le symbole de l’affection de la liberté par elle-même; le « déliement » de l’âme assure rétrospectivement que son « liement » était liemcnt par le désir, fascination active-passive, auto-captivité : « se perdre » ne signifie pas autre chose.
45|L’expression dont nous venons d’user — l’affection de la liberté par elle-même — nous conduit à comprendre comment la culpabilité la plus intériorisée peut récapituler tout le symbolisme antérieur, y compris celui de la souillure; elle le reprend à son compte à travers le symbolisme de la captivité. J’oserais même dire que la souillure devient symbole pur, lorsqu’elle ne dit plus du tout une tache réelle, mais signifie seulement le serf-arbitre. Le sens symbolique de la souillure n’est achevé qu’au terme de toutes ses reprises.
46|Je vois dans le symbole pur de la souillure trois intentions qui constituent le triple « schématisme » du serf-arbitre :le symbole de sa propre extériorité; le mal vient à l’homme comme le « dehors » de la liberté, comme l’autre que soi dans lequel elle se prend; « chacun est éprouvé par sa propre convoitise qui l’attire et le leurre » (Jq, 1, 13) ; c’est le schème de la séduction : il signifie que le mal, bien que posé, est déjà là qui attire; cette extériorité est si essentielle au mal humain que l’homme, dit Kant, ne saurait être le méchant absolu, le Mauvais; il est toujours le méchant second, le méchant par séduction; le mal est à la fois « posé » maintenant et toujours déjà là : commencer, c’est continuer; c’est cet être-séduit qui est symbolisé dans l’extériorité d’un contact impur; il est essentiel que le mal soit en quelque manière subi : ce sera le fond de vérité, entre autres erreurs, de toute identification du mal humain à un pathos, à une « passion ». Pour extirper par conséquent le symbole de la souillure, il faudrait éliminer de l’expérience humaine du mal ce schème d’extériorité : on pourra, tant qu’il faudra, démythiser les conceptions magiques de contagion, de contamination; leur survivent les modalités toujours plus subtile· du <( dehors » séduisant, qui appartiennent encore au serf-arbitre à son point le plus extrême d’intériorité.
47|encore en état de comprendre cette intention ultime du symbole de la souillure : elle ne sera dégagée et élaborée que par le moyen des symboles de second rang et principalement par le moyen du mythe de chute; alors on comprendra que le mal n’est pas le symétrique du bien, la méchanceté le substitut de la bonté de l’homme, mais la flétrissure, l’obscurcissement, l’enlaidissement d’une innocence, d’une lumière et d’une beauté qui demeurent. Aussi radical que soit le mal, il ne saurait être aussi originaire que la bonté. Cela, le sym· bole de la souillure le dit déjà du serf-arbitre; et il le dit à travers le symbole de la captivité : car quand un pays tombe intact aux mains de l’ennemi, il continue de travailler, de produire, de créer, d’exister, mais pour l’ennemi; il est responsable, mais son œuvre est aliénée; cette superposition de l’esclavage à la disposition de soi, telle qu’un pays occupé peut en faire l’expérience, suggère l’idée semblable d’une superposition existentielle du mal radical et de la bonté originaire; c’est cette surimpression qui est déjà visée dans le schème de l’infection, où nous proposons de recon· naître Tultime intention du symbole de la souillure. Mais cette intention n’apparaît que quand le monde magique qui a porté le symbole de la souillure s’est effondré, et quand l’expérience du péché s’est elle-même intériorisée en expérience du serf-arbitre. Alors la souillure, devenue langage du serf-arbitre, livre son ultime intention; encore ne livre-t-elle toutes les implications du schème de l’infection qu’à travers toutes les couches symboliques qu’il reste encore à parcourir : symboles mythiques et symboles spéculatifs.
48|Nous avons tenté jusqu’à présent de « répéter » en imagination et en sympathie Γexpérience de la faute. Avons-nous réellement atteint, sous le nom d’expérience, une donnée immédiate? Nullement. Ce qui est vécu comme souillure, comme péché, comme culpabilité requiert la médiation d’un langage spécifique, le langage des symboles. Sans le secours de ce langage, l’expérience demeurerait muette, obscure et fermée sur ses contradictions implicites (ainsi la souillure se dit comme quelque chose qui infecte du dehors et le péché comme une relation brisée et comme une puissance, etc.). Ces symboles élémentaires, à leur tour, n’ont été atteints qu’au prix d’une abstraction qui les a arrachés au riche monde des mythes. Pour tenter une exégèse purement sémantique des expressions les plus révélatrices de l’expérience de la faute (tache et souillure, déviation, révolte, transgression, égarement, etc.) nous avons dû mettre entre parenthèses les symboles du second degré qui médiatisent les symboles primaires qui eux-mêmes médiatisent l’expérience vive de la souillure, du péché, de la culpabilité.
49|Cette nouvelle couche expressive ne laisse pas d’embarrasser l’homme moderne. En un sens lui seul peut reconnaître le mythe comme mythe, parce que lui seul a atteint le point où histoire et mythe se séparent; cette « crise », cette décision, à partir de laquelle mythe et histoire se dissocient, peut signifier la perte de la dimension mythique : parce que le temps du mythe ne peut plus être coordonné au temps des événements « historiques », au sens de la méthode et de la critique historique, parce que l’espace dumythe ne peut plus être coordonné aux lieux de notre géographie, nous sommes tentés de nous livrer à une radicale démythisation de toute notre pensée. Mais une autre possibilité s’offre à nous : précisément parce que nous vivons et pensons après la séparation du mythe et de l’histoire, la démythisation de notre histoire peut devenir l’envers d’une compréhension du mythe comme mythe et la conquête, pour la première fois dans l’histoire de la culture, de la dimension mythique. C’est pourquoi nous ne parlons jamais ici de démythisation, mais à la rigueur de démythologisation, étant bien entendu que ce qui est perdu c’est le pseudo-savoir, le faux logos du mythe, tel qu’il s’exprime par exemple dans la fonction étiologique du mythe. Mais perdre le mythe comme logos immédiat, c’est le retrouver comme mythos. Au prix seulement, et par le détour de l’exégèse et de la compréhension philosophique, le mythos peut susciter une nouvelle péripétie du logos.
50|Cette conquête du mythe comme mythe n’est qu’un aspect de la reconnaissance des symboles et de leur pouvoir révélant. Comprendre le mythe comme mythe, c’est comprendre ce que le mythe, ave son temps, son espace, ses événements, ses personnages, son drame, ajoute à la fonction révélante des symboles primaires élaborés plus haut.
51|Sans prétendre donner ici une théorie générale des symboles et des mythes et en nous bornant volontairement et systématiquement a ce groupe de symboles mythiques qui concernent le mal humain, nous pouvons énoncer en ces termes notre hypothèse de travail que toute la suite de l’analyse doit mettre en œuvre et vérifier par l’exécution même :la faute, le mythe confère à cette expérience une orientation, une allure, une tension. L’cxpéricnce ne se réduit plus à un vécu présent; ce présent n’était qu’une coupe instantanée dans un développement tendu entre une origine et un accomplissement, entre une « Genèse » et une « Apocalypse »; grâce au mythe, l’expérience est traversée par l’histoire essentielle de la perdition et du salut de l’homme.
52|De toutes ces manières le mythe fait de l’expérience de la faute le centre d’une totalité, le centre d’un monde : le monde de la faute.
53|On peut déjà deviner combien nous nous éloignons d’une interprétation purement allégorisante du mythe. L’allégorie est toujours susceptible d’être traduite dans un texte intelligible par lui-même; une fois ce meilleur texte déchiffré, l’allégorie tombe comme un vêtement inutile; ce que l’allégorie montrait en le cachant peut être dit dans un discours direct qui se substitue à elle. Par sa triple fonction d’universalité concrète, d’orientation temporelle et enfin d’exploration ontologique, le mythe a une façon de révéler, irréductible à toute traduction d’un langage chiffré en un langage clair; comme Schelling l’a montré dans sa Philosophie de la Mythologie, le mythe est autonome et immédiat : il signifie ce qu’il dit *. 1 1Il importe donc de procéder à un discernement critique du mythe qui respecte son irréductibilité à l’allégorie.
54|Le discernement critique du mythe exige d’abord que le mythe soit entièrement dégagé de la fonction « étiologique » avec laquelle il paraît se confondre. Cette distinction est fondamentale pour une reprise philosophique du mythe; car la principale objection que la philosophie adresse au mythe, c’est que l’explication mythique est incompatible avec la rationalité découverte ou inventée par les Présocratiques; elle représente désormais le simulacre de la rationalité.
55|Le départage de la rationalité et de son mime est en effet aussi décisif que celui de l’histoire et du mythe; il en est même le fondement : car l’histoire n’est histoire que parce que sa recherche des « causes » s’adosse à l’Épistémé des géomètres et des physiciens, lors même qu’elle s’en distingue. Si donc le mythe peut survivre à ce double départage de l’histoire et du mythe ainsi que de l’explication et du mythe, il faut que le mythe ne soit ni histoire arrivée en un temps et en un lieu déterminés, ni explication.
56|Mon hypothèse de travail c’est que la critique du pseudo-rationnel est fatale non pas au mythe mais à la gnose. C’est dans la gnose que se réalise le simulacre de la raison. Or la gnose c’est ce qui recueille et développe le moment étiologique du mythe. C’est la gnose du mal plus particulièrment qui se tient sur le sol de la raison : comme le mot même le déclare, gnose veut dire « connaissance ». Entre la gnose et la raison il faut choisir. Mais peut-être y a-t-il une manière de répéter le mythe comme mythe, en deçà de son glissement à la gnose, dans la nudité et la pauvreté d’un symbole qui ne serait pas une explication mais une ouverture et une découverte. Tout notre effort va donc tendre à dissocier mythe et gnose.
57|Nous sommes encouragés dans cette tentative par le grand exemple de Platon : Platon insère des mythes dans sa philosophie; il les adopte en tant que mythes, à l’état brut si l’on ose dire, sans essayer de les déguiser en explication; ils sont là, dans le discours, plein d’énigmee; ils sont là en tant que mythes sans confusion possible avec le Savoir.
58|Il est vrai que le mythe est en lui-même invitation à la gnose. Bien plus le problème du mal paraît bien être l’occasion par excel-Ience de ce passage du mythe à la gnose. Nous savons déjà quelle puissance de questionner jaillit de la souffrance et du péché : « Jusques à quand Seigneur ? » « Ai-je péché contre quelque divinité ? » « Mon acte était-il pur ? » On dirait que le problème du mal représente à la fois la plus considérable provocation à penser et l’invitation la plus sournoise à déraisonner; comme si le mal était un problème toujours prématuré où les fins de la raison excèdent toujours ses moyens; bien avant que la nature ait fait délirer la raison et l’ait jetée dans l’illusion transcendantale, la contradiction vécue entre la destination de l’homme, projetée dans l’imagination de l’innocence originaire et de la perfection finale, et la situation effective de l’homme, avouée et confessée, fit surgir un gigantesque « pourquoi ? » au centre de l’épreuve d’exister. Aussi est-ce au voisinage de cette « question » que sont nés les plus grands délires explicatifs qui composent la littérature considérable de la gnose.
59|Qu’est donc le mythe en deçà de sa prétention « étiologique » ? Qu’est donc le mythe s’il n’est pas gnose ? C’est encore une fois à la fonction du symbole que nous sommes renvoyés. Le symbole, avons-nous dit, ouvre et découvre une dimension d’expérience qui, sans lui, resterait fermée et dissimulée. Il faut donc montrer en quel sens le mythe est une fonction de second degré des symboles primaires que nous avons explorés jusqu’à présent.
60|Pour cela il faut retrouver cette fonction d’ouverture et de découverte — que nous opposons ici à la fonction explicative de la gnose — jusque dans les traits les plus spécifiques, qui distinguent le mythe des symboles primaires. Or c’est le récit qui vient ajouter un nouvel étage de signification à celui des symboles primaires.
61|Comment le récit peut-il signifier sur un mode symbolique et non étiologique ?
62|Nous aurons recours ici à l’interprétation que la phénoménologie de la religion, avec Van der Leeuw, Leenhardt, Éliade, propose de la conscience mythique. Au premier abord, cette interprétation paraît dissoudre le mythe-récit dans une conscience indivise qui consiste moins à raconter des histoires, à fabuler, qu’à se rapporter affectivement et pratiquement à l’ensemble des choses. Ce qui nous importe ici c’est de comprendre pourquoi cette conscience, structurée plus bas que tout récit, que toute fable et légende, affleure néanmoins à lu parole sous la forme du récit. Si les phénoménologues de la religion ont été plus soucieux de remonter du récit à laracine pré-narrative du mythe, nous ferons le trajet inverse de la conscience pré-narrative à la narration mythique; c’est en effet dane ce passage que se concentre toute l’énigme de la fonction symbolique du mythe.
63|Il faut en effet rendre compte de deux caractères du mythe : qu’il est une parole et qu’en lui le symbole prend la forme du récit.
64|Portons-nous au-delà du récit : selon la phénoménologie de la religion, le mythe-récit ne serait que l’enveloppe verbale d’une forme de vie, sentie et vécue, avant d’être formulée; cette forme de vie s’exprimerait d’abord dans une conduite globale à l’égard du tout des choses; c’est dans le rite plus que dans le récit que cette conduite s’exprimerait le plus complètement et la parole mythique elle-même serait seulement le segment verbal de cette action totale*. Plus fondamentalement encore, action rituelle et parole mythique, prises conjointement, désigneraient par-delà elles-mêmes un modèle, un archétype, qu’elles imiteraient ou répéteraient; imitation gestuelle, répétition verbale ne seraient que les expressions brisées d’une participation vécue à un Acte originel qui serait l'exemplaire commun du rite et du mythe.
65|Il n’est pas douteux que la phénoménologie de la religion a profondément renouvelé le problème du mythe en remontant ainsi à une structure mythique qui serait la matrice de toutes les figures et de tous les récits déterminés propre à telle ou telle mythologie et en rapportant à cette structure mythique diffuse les catégories fondamentales du mythe : participation, relation au Sacré, etc.
66|Cest cette structure mythique elle-même qui ramène à la diversité des mythes. Quelle est en effet la signification ultime de cette structure mythique ? Elle désignerait, nous dit-on, l’accord intime de l’homme du culte et du mythe avec la totalité de l’être; elle signifierait une plénitude indivisible où le surnaturel, le naturel et le psychologique ne seraient pas encore scindés. Mais comment le mythe signifie-t-il cette plénitude ? Le fait essentiel est que cette intuition d’un englobant cosmique dont l’homme ne serait pas séparé et cette plénitude indivise, antérieure à la scission du 2 2surnaturel, du naturel et de l’humain, ne sont pas donné» mais simplement visées. C’est en intention seulement que le mythe restitue quelque intégrité; c’est parce qu’il a lui-même perdu cette intégrité que l’homme la répète et la mime par le mythe et le rite. L’homme primitif est déjà l’homme de la scission. Dès lors le mythe ne peut être qu’une restauration ou une restitution intentionnelle et, en ce sens déjà, symbolique.
67|Cet écart entre le vécu et l’intentionnel, tous les auteurs qui ont attribué au mythe un rôle biologique de protection contre l’angoisse l’ont reconnu; si la fabulation riposte à la détresse, c’est que l’homme du mythe est déjà conscience malheureuse3; pour lui, l’unité, la conciliation et la réconciliation doivent être dites et agies, précisément parce qu’elles ne sont pas données; la fabulation est originaire, contemporaine de la structure mythique, dès lors que la participation est signifiée plutôt que vécue.
68|Or en manifestant le caractère seulement symbolique de la relation de l’homme à la totalité perdue, le mythe est dès l’origine condamné à la scission en de multiples cycles. 11 n’existe pas, en effet, de signification qui égale cc qu’elle vise; comme l’étude des symboles primaires de la faute l’a déjà suggéré, c’est toujours à partir d’un quelque chose qui joue le rôle d’analogon que le symbole symbolise; la multiplicité des symboles est la conséquence immédiate de leur servitude à l’égard d’un matériel d’analoga, dont l’ensemble est nécessairement limité en extension et dont chacun est également limité en compréhension.
69|Lévi-Strauss a fortement insiste sur ce décalage initial entre'la limitation de l’expérience et la totalité signifiée par le mythe : « L’Univers, écrit-il4, a signifié bien avant qu’on ne commence à savoir cc qu’il signifiait...; il a signifié dès le début la totalité de ce que l’humanité peut s’attendre à en connaître »; « l’homme dispose dès son origine d’une intégralité du signifiant dont il est fort embar-rassé pour faire l’allocation à un signifié, donné comme tel sans être pourtant connu. » Cette totalité, tellement signifiée et si peu vécue, ne devient disponible qu’en se condensant dans des êtres et dans des objets sacrés qui deviennent les signes privilégiés de ce signifiant total. De là la diversification originaire des symboles; il n’existe en effet nulle part au monde une civilisation où ce surplus de signification serait visé hors de toute forme mythique ou rituelle définie. Le sacré prend forme contingente précisément parce qu’il est « flottant »; aussi ne se laisse-t-il deviner qu’à travers la diversité indéfinie des mythologies et des rituels. L’aspect chaotique et arbitraire du monde des mythes est ainsi la contrepartie exacte de ce décalage entre la plénitude purement symbolique et la finitude de l’expérience qui fournit l’homme en « analogues » du signifié. Il faut alors des récits et des rites pour consacrer le contour des signes du sacré : lieux saipts et objets sacrés, époques et fêtes, sont d’autres aspects de cette contingence que nous retrouvons dans le récit. Si la plénitude était vécue, elle serait partout dans l’espace et dans le temps; mais parce qu’elle est seulement visée symboliquement, elle requiert des signes privilégiés et un discours sur ces signes; leur hétérogénéité atteste le signifiant total par ses affleurements contingents; dès lors le mythe a pour fonction de garder les contours finis de ces signes qui renvoient à leur tour à oette plénitude que l’homme vise plus qu’il ne la vit. C’est pourquoi, bien que les civilisations primitives aient en commun à peu près la même structure mythique, cette structure indifférenciée n’existe nulle part sans une diversité de mythes : la polarité de la structure mythique et des mythes est une suite du caractère symbolique de la totalité et de la plénitude que mythes et rites répètent. Parce qu’il est symbolisé et non vécu le sacré se scinde en mythes multiples.
70|Mais pourquoi le mythe en se scindant prend-il la forme du récit ? Ce qu’il faut comprendre maintenant c’est pourquoi le modèle exemplaire auquel le mythe et le rite font participer affecte lui-même l’allure d’un drame. C’est, en effet, parce que le signifié ultime de tout mythe est lui-même en forme de drame que les récits dans lesquels la conscience mythique se fragmente sont eux-mêmes tissus « d’événements » et de « personnages »; parce que son paradigme est dramatique, le mythe est lui-même événementiel et ne se donne nulle part ailleurs que dans la forme plastique du récit. Mais pourquoi le mythe-récit renvoie-t-il symboliquement à un drame ?
71|C’est que la conscience mythique non seulement ne vit pas laplénitude, mais encore ne la désigne qu’à l’origine ou au terme d’une Histoire fondamentale. La plénitude que le mythe vise sym* boliquement est instaurée, perdue et restaurée dangereusement, douloureusement. Aussi n’est-elle pas donnée : non seulement parce qu’elle est signifiée et non vécue, mais parce qu’elle est signifiée à travers un combat. Le mythe comme d’ailleurs le rite reçoit de ce drame originel la discursivité spéciale du récit. Le caractère plastique, imagé, événementiel du mythe tient donc à la fois à la nécessité de donner des signes contingents d’un Sacré purement symbolique et au caractère dramatique du temps originel; ainsi le temps du mythe est-il dès le début diversifié par le drame originel.
72|Les mythes concernant l’origine et la fin du mal que nous allons maintenant étudier ne constituent qu’un secteur limité de mythes et fournissent seulement une vérification partielle de l’hypothèse de travail qui est exposée dans cette introduction. Du moins nous donnent-ils un accès direct à la structure originellement dramatique du monde des mythes; on se rappelle les trois caractères fondamentaux qui ont été reconnus aux mythes du mal : l’universalité concrète conférée à l’expérience humaine par le moyen de personnages exemplaires, la tension d’une histoire exemplaire orientée d’un Commencement vers une Fin, enfin la transition d’une nature essentielle à une histoire aliénée; ces trois fonctions des mythes du mal sont trois aspects d’une même structure dramatique. Dès lors, la forme du récit n’est ni seconde ni accidentelle, mais primitive et essentielle. Le mythe exerce sa fonction symbolique par le moyen spécifique du récit parce que oe qu’il veut dire est déjà drame. C’est ce drame originel qui ouvre et découvre le sens caché de l’expérience humaine; ce faisant le mythe qui le raconte assume la fonction irremplaçable du récit.
73|Les deux caractères du mythe que nous venons de souligner sont fondamentaux pour notre investigation du monde de la faute.
74|D’abord le surplus de signification, le « signifiant flottant », que le Sacré constitue, atteste que l’expérience de la faute telle que nous l’avons décrite dans la première partie, est dès son origine en relation ou en tension avec une totalité de sens, avec une signification globale de l’univers; cette relation ou cette tension fait partie intégrante de cette expérience; ou plutôt cette expérience ne subsiste qu’en liaison avec des symboles qui replacent la faute dans une totalité non perçue, non vécue, mais signifiée, visée, conjurée; la parole de la confession des péchés n’est dès lors qu’un fragmentd'une parole plus vaste qui désigne mythiquement l’origine et la fin de la faute et la totalité dans laquelle elle a surgi; arracher l’ex-périencc, le vécu, au symbole c’est retirer à cette expérience ce qui en achève le sens; or, c’est le mythe comme récit qui met en rela* tion l’expérience présente de la faute avec la totalité du sens.
75|D’autre part ce sens total sur lequel la faute se détache est lié par la conscience mythique à un drame originel. Les symboles fondamentaux qui imprègnent l’expérience de la faute sont les symboles de la détresse, de la lutte et de la victoire qui, en ce temps-là, ont marqué l’instauration du monde. Totalité de sens et drame cosmique constituent les deux clés qui vont nous servir à ouvrir les mythes du Commencement et de la Fin.
76|Mais si la conscience mythique à travers les civilisations primitives reste à peu près semblable à elle-même et si d’autre part les mythologies sont en nombre illimité, comment nous frayerons-nous un chemin entre l’Un et le Multiple ? Comment éviterons-nous de nous perdre, soit dans une vague phénoménologie de la conscience mythique qui retrouve partout du « Mana » et partout de la répétition et de la participation, soit dans une mythologie comparée indéfiniment diversifiée ? Nous allons tenter de suivre le conseil de Platon dans le Philèbe lorsqu’il enjoint de ne point imiter les « éristiques » qui font « trop vite un et trop vite multiple », mais de chercher toujours un nombre intermédiaire que la « multiplicité réalise dans l’intervalle entre l’Infini et l’Un »; respecter ces intermédiaires, disait Platon, « c’est ce qui distingue dans nos discussions la manière dialectique de la manière éristique ».
77|Cette « multiplicité nombrée », intermédiaire entre une conscience mythique indifférenciée et les mythologies trop différenciées, est à chercher par le moyen d’une « typologie ». Les <c types » que nous proposons sont a la fois des a priori qui permettent d’aller a la rencontre de l’expérience avec une grille de lecture et de s’orienter dans le dédale des mythologies du mal et des a posteriori sans cesse corrigée et redressés au contact de l’expérience. Je penserais volontiers comme Cl. Lévi-Strauss dans Tristes Tropiques que les « figures » que peuvent réaliser l’imagination fabulatrice et l’activité institutionnelle de l’homme ne sont pas en nombreinfini et qu’il est possible d’élaborer, au moins à titre d’hypothèse de travail, une sorte de morphologie de ces figures principales.
78|Nous considérerons ici quatre « types » mythiques de représentation concernant l’origine et la fin du mal.
79|Ainsi la scission qui se produit, avec le second type, entre l’événement irrationnel de la chute et l’antique drame de création provoque une scission parallèle entre le thème du salut qui devient éminemment « historique » et le thème de la création qui recule au rang d’arrière-plan « cosmologique » par rapport au drame temporel déployé sur l’avant-scène du monde; le salut, entendu comme l’ensemble des initiatives de la divinité et du croyant tendant à l’élimination du mal, vise désormais une fin spécifique distincte de la fin de la création; cette fin spécifique, autour de laquelle gravitent les représentations « eschutologiques », ne peut plus être non plus identifiée avec la fin de la création et on arrive à cette étrange tension entre deux représentations : celle d’une créationclose avec le « repos du septième jour », celle d'une entreprise de salut, encore en sursis, en attendant le « Dernier Jour ». Sur toute la ligne le décollement de la problématique du mal par rapport à celle de la création se poursuit à partir de l’idée d’une chute « survenue » dans une création parfaite. C’est donc l’événement » même de la chute qui porte tout le poids de cette mythique, comme la pointe d’une pyramide renversée.
80|Entre le chaos du drame de création, la faute inévitable du héros tragique et la chute de l’homme primitif se nouent des relations complexes d’exclusion et d’inclusion que nous essaierons de comprendre et de reprendre en nous-mêmes; mais même la relation d’exclusion survient à l’intérieur d’un espace commun, grâce auquel ces trois mythes ont un destin solidaire.
81|que les affinités secrètes du mythe biblique de chute le portent plutôt vers le mythe de chaos et vers le mythe tragique que vers le mythe de l’âme exilée.
82|Ainsi la « typologie » ne doit pas être cantonnée dans une entreprise de classification; cette statique doit se dépasser dans une dynamique qui a pour tâche de découvrir la vie latente des mythes et le jeu de leurs affinités secrètes. C’est cette dynamique qui doit préparer une « reprise » philosophique du mythe.
